,Unnamed: 0,gbif_id,taxon_name,decimal_latitude,decimal_longitude,coordinates,present/pseudo_absent,band 1,band 2,band 3,band 4
0,0,1990593807,Lama glama guanicoe,-50.980343,-72.76443499999998,POINT (-72.76443499999999 -50.980343),1,,,,688.25
1,1,1990566091,Lama glama guanicoe,-53.182945,-69.28293599999999,POINT (-69.28293599999999 -53.182945),1,,,,578.58
2,2,1990556566,Lama glama guanicoe,-46.872203000000006,-70.224092,POINT (-70.224092 -46.87220300000001),1,,,,878.39
3,3,1990486258,Lama glama guanicoe,-51.005546,-72.842054,POINT (-72.842054 -51.005546),1,,,,685.78
4,4,1986626409,Lama glama guanicoe,-42.629804,-64.191275,POINT (-64.191275 -42.629804),1,,,,1031.4
5,5,1986625937,Lama glama guanicoe,-42.628104,-64.206254,POINT (-64.206254 -42.628104),1,,,,1031.4
6,6,1986625399,Lama glama guanicoe,-42.630414,-64.201937,POINT (-64.201937 -42.630414),1,,,,1031.4
7,7,1986624198,Lama glama guanicoe,-53.415312,-68.129085,POINT (-68.129085 -53.415312),1,,,,583.67
8,8,1986621637,Lama glama guanicoe,-52.142153,-69.519961,POINT (-69.519961 -52.142153),1,,,,672.62
9,9,1986621380,Lama glama guanicoe,-30.65371,-71.684147,POINT (-71.684147 -30.65371),1,,,,1082.58
10,10,1986621362,Lama glama guanicoe,-26.245364,-70.614434,POINT (-70.614434 -26.245364),1,,,,1240.45
11,11,1986620369,Lama glama guanicoe,-51.27,-72.37,POINT (-72.37 -51.27),1,,,,684.37
12,12,1986615782,Lama glama guanicoe,-47.859555,-66.390651,POINT (-66.39065100000001 -47.859555),1,,,,870.9
13,13,1986615744,Lama glama guanicoe,-47.768678,-66.194965,POINT (-66.194965 -47.768678),1,,,,871.38
14,14,1986615503,Lama glama guanicoe,-47.881436,-66.655434,POINT (-66.655434 -47.881436),1,,,,870.52
15,15,1986604678,Lama glama guanicoe,-32.754679,-69.056301,POINT (-69.056301 -32.754679),1,,,,1084.67
16,16,1986576951,Lama glama guanicoe,-47.1153,-72.484409,POINT (-72.484409 -47.1153),1,,,,683.18
17,17,1986574863,Lama glama guanicoe,-46.896389,-71.251667,POINT (-71.251667 -46.896389),1,,,,668.98
18,18,1978837059,Lama glama guanicoe,-50.992761,-72.80288399999998,POINT (-72.80288399999999 -50.992761),1,,,,688.25
19,19,1948744292,Lama glama guanicoe,-51.314305,-72.845159,POINT (-72.845159 -51.314305),1,,,,660.24
20,20,1946332099,Lama glama guanicoe,-50.938865,-72.733875,POINT (-72.733875 -50.938865),1,,,,691.71
21,21,1945445782,Lama glama guanicoe,-51.107129,-73.048587,POINT (-73.048587 -51.107129),1,,,,675.15
22,22,1935605309,Lama glama guanicoe,-26.066915,-65.846828,POINT (-65.846828 -26.066915),1,,,,1403.78
23,23,1935601785,Lama glama guanicoe,-50.974461,-72.722791,POINT (-72.722791 -50.974461),1,,,,691.71
24,24,1933592462,Lama glama guanicoe,-48.625107,-70.69670699999998,POINT (-70.69670699999999 -48.625107),1,,,,828.46
25,25,1932343222,Lama glama guanicoe,-42.660856,-63.835883,POINT (-63.835883 -42.660856),1,,,,987.88
26,26,1932342979,Lama glama guanicoe,-42.462633,-64.414416,POINT (-64.414416 -42.462633),1,,,,1065.01
27,27,1914210240,Lama glama guanicoe,-21.928159,-68.86945,POINT (-68.86945 -21.928159),1,,,,1157.2
28,28,1913665390,Lama glama guanicoe,-26.073535,-70.53299,POINT (-70.53299 -26.073535),1,,,,1269.5
29,29,1913183574,Lama glama guanicoe,-29.7,-67.5833,POINT (-67.58329999999999 -29.7),1,,,,1332.92
30,30,1898830125,Lama glama guanicoe,-51.269984,-72.363087,POINT (-72.36308699999999 -51.269984),1,,,,684.37
31,31,1898828770,Lama glama guanicoe,-50.942326,-73.406788,POINT (-73.40678800000001 -50.942326),1,,,,521.42
32,32,1890052292,Lama glama guanicoe,-53.801827,-67.672119,POINT (-67.672119 -53.801827),1,,,,595.92
33,33,1890049507,Lama glama guanicoe,-50.972751,-72.875834,POINT (-72.875834 -50.972751),1,,,,650.18
34,34,1883940087,Lama glama guanicoe,-49.93464,-72.04916999999998,POINT (-72.04916999999999 -49.93464),1,,,,735.91
35,35,1883908136,Lama glama guanicoe,-49.995823,-72.166786,POINT (-72.166786 -49.995823),1,,,,723.88
36,36,1880577801,Lama glama guanicoe,-30.149877000000004,-67.96485899999999,POINT (-67.96485899999999 -30.149877),1,,,,1518.01
37,37,1850973982,Lama glama guanicoe,-30.645572,-71.66879,POINT (-71.66879 -30.645572),1,,,,1082.58
38,38,1847588551,Lama glama guanicoe,-53.85901,-67.87903,POINT (-67.87903 -53.85901),1,,,,588.12
39,39,1847578108,Lama glama guanicoe,-29.291181,-71.327285,POINT (-71.327285 -29.291181),1,,,,1132.01
40,40,1838353175,Lama glama guanicoe,-28.302053000000004,-70.77638,POINT (-70.77638 -28.302053),1,,,,1301.49
41,41,1837778721,Lama glama guanicoe,-25.238539000000006,-65.87961899999999,POINT (-65.87961899999999 -25.238539),1,,,,1231.95
42,42,1837735899,Lama glama guanicoe,-49.99207,-72.163696,POINT (-72.163696 -49.99207),1,,,,742.9
43,43,1837100336,Lama glama guanicoe,-29.303197,-71.310197,POINT (-71.310197 -29.303197),1,,,,1132.01
44,44,1837080711,Lama glama guanicoe,-49.509495,-70.13689000000001,POINT (-70.13689000000001 -49.509495),1,,,,853.16
45,45,1837080688,Lama glama guanicoe,-49.923046,-72.084389,POINT (-72.084389 -49.923046),1,,,,742.9
46,46,1837080677,Lama glama guanicoe,-49.505816,-70.151653,POINT (-70.151653 -49.505816),1,,,,853.16
47,47,1837080617,Lama glama guanicoe,-49.80653,-72.072201,POINT (-72.07220100000001 -49.80653),1,,,,754.68
48,48,1837080605,Lama glama guanicoe,-49.99185,-72.16404,POINT (-72.16404 -49.99185),1,,,,742.9
49,49,1837080535,Lama glama guanicoe,-49.923046,-72.081127,POINT (-72.081127 -49.923046),1,,,,735.91
50,50,1836744157,Lama glama guanicoe,-51.067104,-73.001915,POINT (-73.001915 -51.067104),1,,,,648.01
51,51,1836666432,Lama glama guanicoe,-51.0034,-72.95960500000002,POINT (-72.95960500000001 -51.0034),1,,,,670.08
52,52,1836645730,Lama glama guanicoe,-32.532509999999995,-67.052307,POINT (-67.052307 -32.53250999999999),1,,,,1466.93
53,53,1836573905,Lama glama guanicoe,-29.319482,-71.230373,POINT (-71.230373 -29.319482),1,,,,1143.33
54,54,1831224749,Lama glama guanicoe,-32.751766,-69.057484,POINT (-69.057484 -32.751766),1,,,,1084.67
55,55,1831172716,Lama glama guanicoe,-28.187657,-71.152546,POINT (-71.152546 -28.187657),1,,,,1243.81
56,56,1831172472,Lama glama guanicoe,-29.328911,-71.23638199999998,POINT (-71.23638199999999 -29.328911),1,,,,1143.33
57,57,1831097657,Lama glama guanicoe,-34.193995,-69.694038,POINT (-69.69403800000001 -34.193995),1,,,,814.94
58,58,1831097495,Lama glama guanicoe,-34.245033,-69.479286,POINT (-69.479286 -34.245033),1,,,,914.73
59,59,1807909087,Lama glama guanicoe,-51.117317,-72.81189,POINT (-72.81189000000001 -51.117317),1,,,,632.32
60,60,1807883180,Lama glama guanicoe,-47.493633,-70.940849,POINT (-70.940849 -47.493633),1,,,,816.89
61,61,1807324525,Lama glama guanicoe,-47.15,-70.666666,POINT (-70.66666600000001 -47.15),1,,,,832.06
62,62,1807305586,Lama glama guanicoe,-52.313943,-69.617038,POINT (-69.61703799999999 -52.313943),1,,,,657.96
63,63,1806351235,Lama glama guanicoe,-29.835339,-69.931841,POINT (-69.93184100000001 -29.835339),1,,,,730.55
64,64,1806351213,Lama glama guanicoe,-29.867443,-70.04389300000001,POINT (-70.04389300000001 -29.867443),1,,,,867.32
65,65,1806351148,Lama glama guanicoe,-29.808215,-70.023122,POINT (-70.023122 -29.808215),1,,,,748.4
66,66,1805375362,Lama glama guanicoe,-52.196882,-69.48293100000001,POINT (-69.48293100000001 -52.196882),1,,,,667.02
67,67,1802764443,Lama glama guanicoe,-50.983505,-72.877808,POINT (-72.877808 -50.983505),1,,,,650.18
68,68,1802667161,Lama glama guanicoe,-29.802779,-70.043764,POINT (-70.043764 -29.802779),1,,,,748.4
69,69,1802666838,Lama glama guanicoe,-28.347899,-70.768433,POINT (-70.768433 -28.347899),1,,,,1298.12
70,70,1702484232,Lama glama guanicoe,-18.175826,-69.500029,POINT (-69.500029 -18.175826),1,,,,1230.2
71,71,1702481456,Lama glama guanicoe,-18.166405,-69.434517,POINT (-69.434517 -18.166405),1,,,,917.0
72,72,1677326550,Lama glama guanicoe,-50.990139,-72.79969399999997,POINT (-72.79969399999999 -50.990139),1,,,,688.25
73,73,1671721888,Lama glama guanicoe,-50.99864,-72.790355,POINT (-72.79035500000001 -50.99864),1,,,,688.25
74,74,1640056326,Lama glama guanicoe,-41.676576,-65.328484,POINT (-65.328484 -41.676576),1,,,,1164.52
75,75,1640056274,Lama glama guanicoe,-22.83225,-68.321228,POINT (-68.321228 -22.83225),1,,,,1352.21
76,76,1586954753,Lama glama guanicoe,-47.124562,-72.493532,POINT (-72.493532 -47.124562),1,,,,683.18
77,77,1586105517,Lama glama guanicoe,-51.012891,-72.825417,POINT (-72.825417 -51.012891),1,,,,690.7
78,78,1580505705,Lama glama guanicoe,-36.883237,-73.147712,POINT (-73.147712 -36.883237),1,,,,1063.67
79,79,1580485647,Lama glama guanicoe,-51.060208,-72.97584499999998,POINT (-72.97584499999999 -51.060208),1,,,,670.08
80,80,1580131250,Lama glama guanicoe,-42.484631,-64.341171,POINT (-64.341171 -42.484631),1,,,,1065.01
81,81,1580130693,Lama glama guanicoe,-42.468361,-64.664413,POINT (-64.664413 -42.468361),1,,,,1099.25
82,82,1562926137,Lama glama guanicoe,-25.234353,-65.94762800000001,POINT (-65.94762800000001 -25.234353),1,,,,1270.71
83,83,1562881483,Lama glama guanicoe,-50.872827,-73.295288,POINT (-73.295288 -50.872827),1,,,,565.97
84,84,1510971729,Lama glama guanicoe,-28.246337,-71.143302,POINT (-71.14330200000001 -28.246337),1,,,,1243.81
85,85,1510971567,Lama glama guanicoe,-27.944628,-70.51909,POINT (-70.51909000000001 -27.944628),1,,,,1257.87
86,86,1510971528,Lama glama guanicoe,-28.147892,-70.950274,POINT (-70.95027399999999 -28.147892),1,,,,1247.98
87,87,1510971208,Lama glama guanicoe,-47.109593,-73.436663,POINT (-73.436663 -47.109593),1,,,,521.5
88,88,1510970446,Lama glama guanicoe,-47.063861,-72.31681,POINT (-72.31681 -47.063861),1,,,,695.09
89,89,1510970428,Lama glama guanicoe,-47.056465,-72.19601899999998,POINT (-72.19601899999999 -47.056465),1,,,,689.42
90,90,1510970420,Lama glama guanicoe,-47.069372,-72.358091,POINT (-72.358091 -47.06937199999999),1,,,,692.81
91,91,1510970386,Lama glama guanicoe,-47.114191,-72.476988,POINT (-72.47698800000001 -47.114191),1,,,,683.18
92,92,1510970382,Lama glama guanicoe,-47.117274,-72.48947,POINT (-72.48947 -47.117274),1,,,,683.18
93,93,1510970345,Lama glama guanicoe,-47.115388,-72.48229599999998,POINT (-72.48229599999999 -47.115388),1,,,,683.18
94,94,1510970145,Lama glama guanicoe,-29.322901,-71.234174,POINT (-71.234174 -29.322901),1,,,,1143.33
95,95,1510969485,Lama glama guanicoe,-52.65211800000001,-71.462149,POINT (-71.462149 -52.65211800000001),1,,,,621.65
96,96,1510969440,Lama glama guanicoe,-50.875904,-72.734595,POINT (-72.734595 -50.875904),1,,,,668.82
97,97,1510969428,Lama glama guanicoe,-51.00772,-72.84594,POINT (-72.84594 -51.00772),1,,,,685.78
98,98,1510968015,Lama glama guanicoe,-18.267204,-69.597931,POINT (-69.597931 -18.267204),1,,,,1355.77
99,99,1510964176,Lama glama guanicoe,-27.838244,-70.524603,POINT (-70.524603 -27.838244),1,,,,1244.93
100,100,1510964129,Lama glama guanicoe,-28.153304,-71.00829300000002,POINT (-71.00829300000001 -28.153304),1,,,,1236.08
101,101,1510960872,Lama glama guanicoe,-34.534556,-70.42365,POINT (-70.42364999999999 -34.534556),1,,,,961.09
102,102,1510959977,Lama glama guanicoe,-34.535218,-70.426503,POINT (-70.426503 -34.535218),1,,,,961.09
103,103,1457602583,Lama glama guanicoe,-37.995622,-65.592155,POINT (-65.59215500000001 -37.995622),1,,,,1423.08
104,104,1457600590,Lama glama guanicoe,-42.631889,-64.20785500000001,POINT (-64.20785500000001 -42.631889),1,,,,1031.4
105,105,1457596347,Lama glama guanicoe,-42.528587,-63.879015,POINT (-63.879015 -42.528587),1,,,,991.17
106,106,1453548358,Lama glama guanicoe,-23.983743,-66.20636,POINT (-66.20636 -23.983743),1,,,,1283.6
107,107,1453307523,Lama glama guanicoe,-27.723973,-68.140247,POINT (-68.140247 -27.723973),1,,,,1070.8
108,108,1453228368,Lama glama guanicoe,-50.965563,-72.832661,POINT (-72.832661 -50.965563),1,,,,688.25
109,109,1453228277,Lama glama guanicoe,-51.087135,-73.12706,POINT (-73.12706 -51.087135),1,,,,649.05
110,110,1453208474,Lama glama guanicoe,-30.948278,-69.082994,POINT (-69.082994 -30.948278),1,,,,1113.64
111,111,1453208441,Lama glama guanicoe,-31.239795,-69.62513,POINT (-69.62513 -31.239795),1,,,,1113.06
112,112,1453207464,Lama glama guanicoe,-30.832819,-69.05787099999999,POINT (-69.05787099999999 -30.832819),1,,,,1163.8
113,113,1453207431,Lama glama guanicoe,-30.909707,-69.079278,POINT (-69.079278 -30.909707),1,,,,1146.94
114,114,1453207421,Lama glama guanicoe,-30.873823,-69.068779,POINT (-69.06877900000001 -30.873823),1,,,,1146.94
115,115,1453207398,Lama glama guanicoe,-29.000127000000006,-67.73380300000001,POINT (-67.73380300000001 -29.000127),1,,,,1060.34
116,116,1453207371,Lama glama guanicoe,-30.928019,-69.08158399999999,POINT (-69.08158399999999 -30.928019),1,,,,1113.64
117,117,1453207370,Lama glama guanicoe,-30.948157,-69.083489,POINT (-69.083489 -30.948157),1,,,,953.74
118,118,1453206235,Lama glama guanicoe,-27.221344,-68.108726,POINT (-68.108726 -27.221344),1,,,,981.2
119,119,1453053434,Lama glama guanicoe,-51.48565900000001,-72.72090899999998,POINT (-72.72090899999999 -51.48565900000001),1,,,,656.89
120,120,1338932128,Lama glama guanicoe,-51.137138,-72.979431,POINT (-72.97943100000001 -51.137138),1,,,,670.41
121,121,1323026628,Lama glama guanicoe,-42.549034000000006,-63.62731899999999,POINT (-63.62731899999999 -42.54903400000001),1,,,,967.25
122,122,1265898724,Lama glama guanicoe,-50.952495,-72.70945,POINT (-72.70945 -50.952495),1,,,,691.71
123,123,1265895307,Lama glama guanicoe,-50.915502,-72.846497,POINT (-72.846497 -50.915502),1,,,,668.11
124,124,1265540592,Lama glama guanicoe,-53.18693,-69.280433,POINT (-69.280433 -53.18693),1,,,,578.58
125,125,1265540518,Lama glama guanicoe,-51.188812,-72.47715,POINT (-72.47714999999999 -51.188812),1,,,,711.31
126,126,1265540393,Lama glama guanicoe,-50.971941,-72.717261,POINT (-72.71726099999999 -50.97194099999999),1,,,,691.71
127,127,1262373132,Lama glama guanicoe,-50.958887,-72.80301700000003,POINT (-72.80301700000001 -50.958887),1,,,,688.25
128,128,1227766680,Lama glama guanicoe,-50.930425,-72.747963,POINT (-72.747963 -50.930425),1,,,,691.71
129,129,1227725646,Lama glama guanicoe,-37.714245,-68.890457,POINT (-68.890457 -37.714245),1,,,,1214.19
130,130,1145683537,Lama glama guanicoe,-16.7167,-71.55718,POINT (-71.55718 -16.7167),1,,,,1474.35
131,131,1092896165,Lama glama guanicoe,-29.298975,-71.28779399999998,POINT (-71.28779399999999 -29.298975),1,,,,1132.01
132,132,1088920038,Lama glama guanicoe,-31.78833,-69.25884,POINT (-69.25884000000001 -31.78833),1,,,,1088.35
133,133,1088917626,Lama glama guanicoe,-36.356368,-69.217601,POINT (-69.217601 -36.356368),1,,,,971.52
134,134,1088917569,Lama glama guanicoe,-36.487247,-69.367783,POINT (-69.367783 -36.487247),1,,,,1105.15
135,135,1088916214,Lama glama guanicoe,-36.424187,-69.38179000000001,POINT (-69.38179000000001 -36.424187),1,,,,1105.15
136,136,1088911090,Lama glama guanicoe,-36.461641,-69.377139,POINT (-69.377139 -36.461641),1,,,,1105.15
137,137,1088910997,Lama glama guanicoe,-36.12817,-69.326649,POINT (-69.326649 -36.12817),1,,,,1251.16
138,138,1088910263,Lama glama guanicoe,-36.309246,-69.287467,POINT (-69.28746700000001 -36.309246),1,,,,1221.57
139,139,1088910250,Lama glama guanicoe,-36.149242,-69.335747,POINT (-69.335747 -36.149242),1,,,,1179.64
140,140,1065614630,Lama glama guanicoe,-36.308901,-69.321413,POINT (-69.32141300000001 -36.308901),1,,,,1221.57
141,141,1065614583,Lama glama guanicoe,-36.367531,-69.216013,POINT (-69.216013 -36.367531),1,,,,971.52
142,142,1065610123,Lama glama guanicoe,-32.510703,-69.01547,POINT (-69.01546999999999 -32.510703),1,,,,1144.57
143,143,1065605267,Lama glama guanicoe,-33.087739,-69.358025,POINT (-69.358025 -33.087739),1,,,,978.93
144,144,1065605074,Lama glama guanicoe,-32.188979,-69.44964399999999,POINT (-69.44964399999999 -32.188979),1,,,,1015.77
145,145,1065595480,Lama glama guanicoe,-34.191819,-69.70407800000001,POINT (-69.70407800000001 -34.191819),1,,,,814.94
146,146,1024180475,Lama glama guanicoe,-49.687069,-71.888716,POINT (-71.888716 -49.687069),1,,,,759.14
147,147,922185271,Lama glama guanicoe,-46.763382,-70.80963100000002,POINT (-70.80963100000001 -46.763382),1,,,,845.88
148,148,922175775,Lama glama guanicoe,-42.451836,-63.616333,POINT (-63.616333 -42.451836),1,,,,981.64
149,149,922145488,Lama glama guanicoe,-50.006882,-72.118271,POINT (-72.11827099999999 -50.006882),1,,,,740.97
150,150,899971289,Lama glama guanicoe,-44.00913,-65.3143,POINT (-65.3143 -44.00913),1,,,,1040.35
151,151,899966700,Lama glama guanicoe,-33.078168,-69.353491,POINT (-69.35349100000001 -33.078168),1,,,,819.57
152,152,899944346,Lama glama guanicoe,-18.21272,-69.237213,POINT (-69.237213 -18.21272),1,,,,974.38
153,153,899941339,Lama glama guanicoe,-51.203442,-72.460327,POINT (-72.46032700000001 -51.203442),1,,,,711.31
154,154,899937960,Lama glama guanicoe,-54.3013,-67.28576600000001,POINT (-67.28576600000001 -54.3013),1,,,,574.17
155,155,894781596,Lama glama guanicoe,-34.167516,-69.69026,POINT (-69.69025999999999 -34.167516),1,,,,814.94
156,156,891084293,Lama glama guanicoe,-36.310578,-69.285488,POINT (-69.285488 -36.310578),1,,,,1221.57
157,157,891072453,Lama glama guanicoe,-52.13254000000001,-69.681473,POINT (-69.681473 -52.13254000000001),1,,,,670.65
158,158,891027748,Lama glama guanicoe,-50.985233,-73.005524,POINT (-73.00552399999999 -50.985233),1,,,,539.15
159,159,891026422,Lama glama guanicoe,-51.433464,-72.009888,POINT (-72.009888 -51.433464),1,,,,620.21
160,160,699207390,Lama glama guanicoe,-54.83084,-68.56394,POINT (-68.56394 -54.83084),1,,,,503.83
161,161,699207389,Lama glama guanicoe,-54.80803,-68.59713,POINT (-68.59713000000001 -54.80803),1,,,,517.08
162,162,699207387,Lama glama guanicoe,-54.83031,-68.56331,POINT (-68.56331 -54.83031),1,,,,503.83
163,163,699207386,Lama glama guanicoe,-54.52426,-68.19351,POINT (-68.19351 -54.52426),1,,,,534.09
164,164,699207385,Lama glama guanicoe,-54.58638000000001,-68.54593,POINT (-68.54593 -54.58638000000001),1,,,,511.51
165,165,699207384,Lama glama guanicoe,-54.81295,-68.57661,POINT (-68.57661 -54.81295),1,,,,503.83
166,166,699207382,Lama glama guanicoe,-54.83226,-68.56781,POINT (-68.56780999999999 -54.83226),1,,,,503.83
167,167,699207380,Lama glama guanicoe,-47.75577,-72.11719000000002,POINT (-72.11719000000001 -47.75577),1,,,,681.53
168,168,699207379,Lama glama guanicoe,-47.7557,-72.11844,POINT (-72.11844000000001 -47.7557),1,,,,681.53
169,169,699207378,Lama glama guanicoe,-47.90105,-72.03865,POINT (-72.03865 -47.90105),1,,,,690.98
170,170,699207377,Lama glama guanicoe,-47.76594,-72.10512,POINT (-72.10512 -47.76594),1,,,,681.53
171,171,699207376,Lama glama guanicoe,-47.76512,-72.10574,POINT (-72.10574 -47.76512),1,,,,681.53
172,172,699207374,Lama glama guanicoe,-47.7648,-72.10932,POINT (-72.10932 -47.7648),1,,,,681.53
173,173,699207373,Lama glama guanicoe,-47.74421,-72.13032,POINT (-72.13032 -47.74421),1,,,,638.66
174,174,699207372,Lama glama guanicoe,-47.74882,-72.09510999999998,POINT (-72.09510999999999 -47.74882),1,,,,638.66
175,175,699207371,Lama glama guanicoe,-47.90369000000001,-71.97247,POINT (-71.97247 -47.90369),1,,,,693.23
176,176,699207370,Lama glama guanicoe,-47.81406,-72.05552,POINT (-72.05552 -47.81406),1,,,,669.75
177,177,699207369,Lama glama guanicoe,-40.84452,-71.09782,POINT (-71.09782 -40.84452),1,,,,927.94
178,178,699207368,Lama glama guanicoe,-40.84341,-71.09707,POINT (-71.09707 -40.84341),1,,,,927.94
179,179,699207367,Lama glama guanicoe,-40.843,-71.09889,POINT (-71.09889 -40.843),1,,,,927.94
180,180,699207366,Lama glama guanicoe,-40.99076,-71.10686,POINT (-71.10686 -40.99075999999999),1,,,,937.47
181,181,699207365,Lama glama guanicoe,-40.99779,-71.12465999999998,POINT (-71.12465999999999 -40.99779),1,,,,937.47
182,182,699207364,Lama glama guanicoe,-40.94955,-71.04566,POINT (-71.04566 -40.94955),1,,,,974.01
183,183,699207363,Lama glama guanicoe,-40.83692,-71.27571999999998,POINT (-71.27571999999999 -40.83692),1,,,,859.93
184,184,699207353,Lama glama guanicoe,-50.54586,-72.80669,POINT (-72.80669 -50.54586),1,,,,660.95
185,185,699207337,Lama glama guanicoe,-50.52487,-72.77599000000002,POINT (-72.77599000000001 -50.52487),1,,,,660.95
186,186,699207336,Lama glama guanicoe,-50.52714,-72.76526,POINT (-72.76526 -50.52714),1,,,,660.95
187,187,699207335,Lama glama guanicoe,-50.56287,-72.83589,POINT (-72.83589000000001 -50.56287),1,,,,687.99
188,188,699207334,Lama glama guanicoe,-50.49716,-72.7229,POINT (-72.7229 -50.49716),1,,,,707.56
189,189,699207333,Lama glama guanicoe,-50.50022,-72.72886,POINT (-72.72886 -50.50022),1,,,,654.76
190,190,699207332,Lama glama guanicoe,-49.35438,-72.84745,POINT (-72.84744999999999 -49.35438),1,,,,688.65
191,191,699207331,Lama glama guanicoe,-49.66827,-72.87982,POINT (-72.87982 -49.66827),1,,,,634.18
192,192,699207330,Lama glama guanicoe,-49.66815,-72.88145,POINT (-72.88145 -49.66815),1,,,,634.18
193,193,699207329,Lama glama guanicoe,-49.66866,-72.88282,POINT (-72.88282 -49.66866),1,,,,634.18
194,194,699207327,Lama glama guanicoe,-49.66186,-72.87946,POINT (-72.87945999999999 -49.66186),1,,,,711.22
195,195,699207326,Lama glama guanicoe,-49.678,-72.88109,POINT (-72.88109 -49.678),1,,,,634.18
196,196,699207325,Lama glama guanicoe,-49.6784,-72.88224,POINT (-72.88224 -49.6784),1,,,,634.18
197,197,699207324,Lama glama guanicoe,-49.67154,-72.88253,POINT (-72.88253 -49.67154),1,,,,634.18
198,198,699207323,Lama glama guanicoe,-49.68521,-72.88185,POINT (-72.88185 -49.68521),1,,,,634.18
199,199,699207322,Lama glama guanicoe,-49.66008,-72.86175,POINT (-72.86175 -49.66008),1,,,,711.22
200,200,699207321,Lama glama guanicoe,-49.6931,-72.87754,POINT (-72.87754 -49.6931),1,,,,634.18
201,201,699207319,Lama glama guanicoe,-49.66778,-72.88131,POINT (-72.88131 -49.66778),1,,,,634.18
202,202,686469351,Lama glama guanicoe,-50.28559,-68.90084,POINT (-68.90084 -50.28559),1,,,,803.79
203,203,665815672,Lama glama guanicoe,-54.416672,-67.683327,POINT (-67.68332700000001 -54.416672),1,,,,571.18
204,204,665815671,Lama glama guanicoe,-52.900001,-68.466667,POINT (-68.466667 -52.900001),1,,,,574.78
205,205,665815670,Lama glama guanicoe,-53.783333,-67.699997,POINT (-67.699997 -53.783333),1,,,,595.92
206,206,665815669,Lama glama guanicoe,-54.033329,-67.36666899999999,POINT (-67.36666899999999 -54.033329),1,,,,588.87
207,207,665792768,Lama glama guanicoe,-45.25,-71.25,POINT (-71.25 -45.25),1,,,,782.21
208,208,665785658,Lama glama guanicoe,-45.5,-68.800003,POINT (-68.800003 -45.5),1,,,,981.81
209,209,233874223,Lama glama guanicoe,-54.55322,-68.11103,POINT (-68.11103 -54.55322),1,,,,531.4
210,210,233874220,Lama glama guanicoe,-54.0,-68.0,POINT (-68 -54),1,,,,573.42
211,211,233874183,Lama glama guanicoe,-54.23288,-68.56788,POINT (-68.56788 -54.23288),1,,,,543.61
212,212,233874180,Lama glama guanicoe,-54.5292,-68.4735,POINT (-68.4735 -54.5292),1,,,,548.12
213,213,233874179,Lama glama guanicoe,-54.82897,-68.53683000000001,POINT (-68.53683000000001 -54.82897),1,,,,503.83
214,214,233873959,Lama glama guanicoe,-47.75371,-72.11841,POINT (-72.11841 -47.75371),1,,,,681.53
215,215,233873957,Lama glama guanicoe,-47.76207,-72.11121,POINT (-72.11121 -47.76207),1,,,,681.53
216,216,233873956,Lama glama guanicoe,-47.75396,-72.11883,POINT (-72.11883 -47.75396),1,,,,681.53
217,217,233873954,Lama glama guanicoe,-47.88105,-72.06513000000002,POINT (-72.06513000000001 -47.88105),1,,,,690.98
218,218,233873953,Lama glama guanicoe,-47.75008,-72.11607,POINT (-72.11606999999999 -47.75008),1,,,,681.53
219,219,233873947,Lama glama guanicoe,-47.86748,-72.02645,POINT (-72.02645 -47.86748),1,,,,690.98
220,220,233873946,Lama glama guanicoe,-47.8555,-72.0913,POINT (-72.0913 -47.8555),1,,,,660.83
221,221,233873932,Lama glama guanicoe,-47.0,-72.0,POINT (-72 -47),1,,,,589.62
222,222,233873925,Lama glama guanicoe,-47.74041,-72.13224,POINT (-72.13224 -47.74041),1,,,,638.66
223,223,233873882,Lama glama guanicoe,-47.7299,-72.12182,POINT (-72.12182 -47.7299),1,,,,638.66
224,224,233873812,Lama glama guanicoe,-47.83932,-72.0486,POINT (-72.04859999999999 -47.83932),1,,,,690.98
225,225,233873794,Lama glama guanicoe,-47.73086,-72.14715,POINT (-72.14715 -47.73086),1,,,,638.66
226,226,233873777,Lama glama guanicoe,-47.8565,-72.05944000000002,POINT (-72.05944000000001 -47.8565),1,,,,690.98
227,227,233873681,Lama glama guanicoe,-40.9491,-71.05034,POINT (-71.05034000000001 -40.9491),1,,,,974.01
228,228,233873227,Lama glama guanicoe,-50.55625,-72.79388,POINT (-72.79388 -50.55625),1,,,,660.95
229,229,233873226,Lama glama guanicoe,-49.33442,-72.88082,POINT (-72.88082 -49.33442),1,,,,688.65
230,230,233873225,Lama glama guanicoe,-49.34713,-72.86243,POINT (-72.86243 -49.34713),1,,,,688.65
231,231,233873224,Lama glama guanicoe,-49.34491,-72.86525999999998,POINT (-72.86525999999999 -49.34491),1,,,,688.65
232,232,233873223,Lama glama guanicoe,-49.35636,-72.85038,POINT (-72.85038 -49.35636),1,,,,688.65
233,233,233873221,Lama glama guanicoe,-49.33954,-72.87581999999998,POINT (-72.87581999999999 -49.33954),1,,,,688.65
234,234,233873220,Lama glama guanicoe,-49.33954,-72.87945,POINT (-72.87945000000001 -49.33954),1,,,,688.65
235,235,233873219,Lama glama guanicoe,-49.3751,-72.81275,POINT (-72.81274999999999 -49.3751),1,,,,682.81
236,236,233873218,Lama glama guanicoe,-49.3731,-72.81789,POINT (-72.81789000000001 -49.3731),1,,,,682.81
237,237,233873217,Lama glama guanicoe,-49.37531,-72.81163000000002,POINT (-72.81163000000001 -49.37531),1,,,,682.81
238,238,233873216,Lama glama guanicoe,-50.49492,-72.7298,POINT (-72.7298 -50.49492),1,,,,707.56
239,239,233873215,Lama glama guanicoe,-50.55105,-72.84725999999998,POINT (-72.84725999999999 -50.55105),1,,,,687.99
240,240,233873213,Lama glama guanicoe,-50.48336,-72.70376,POINT (-72.70376 -50.48336),1,,,,707.56
241,241,233873212,Lama glama guanicoe,-50.55596,-72.84421,POINT (-72.84421 -50.55596),1,,,,687.99
242,242,233873211,Lama glama guanicoe,-50.52277,-72.77186,POINT (-72.77186 -50.52277),1,,,,660.95
243,243,233873210,Lama glama guanicoe,-50.49537,-72.6646,POINT (-72.66459999999999 -50.49537),1,,,,703.86
244,244,233873209,Lama glama guanicoe,-50.54272,-72.79711999999998,POINT (-72.79711999999999 -50.54272),1,,,,660.95
245,245,233873205,Lama glama guanicoe,-50.55762,-72.83583,POINT (-72.83583 -50.55762),1,,,,687.99
246,246,233873204,Lama glama guanicoe,-49.3854,-72.79441,POINT (-72.79441 -49.3854),1,,,,682.81
247,247,233873203,Lama glama guanicoe,-49.4012,-72.75731999999998,POINT (-72.75731999999999 -49.4012),1,,,,682.81
248,248,233873202,Lama glama guanicoe,-49.33621,-72.88154,POINT (-72.88154 -49.33620999999999),1,,,,688.65
249,249,233873201,Lama glama guanicoe,-49.39329,-72.78393,POINT (-72.78393 -49.39329),1,,,,682.81
250,250,233873198,Lama glama guanicoe,-49.40415,-72.76026,POINT (-72.76026 -49.40415),1,,,,682.81
251,251,233873196,Lama glama guanicoe,-54.52608000000001,-68.5575,POINT (-68.5575 -54.52608000000001),1,,,,554.84
252,252,233873195,Lama glama guanicoe,-49.40613,-72.77311,POINT (-72.77311 -49.40613),1,,,,682.81
253,253,233873194,Lama glama guanicoe,-49.4028,-72.77429000000002,POINT (-72.77429000000001 -49.4028),1,,,,682.81
254,254,233873193,Lama glama guanicoe,-49.40213,-72.75348000000002,POINT (-72.75348000000001 -49.40213),1,,,,682.81
255,255,233873189,Lama glama guanicoe,-49.38084,-72.82945,POINT (-72.82944999999999 -49.38084),1,,,,682.81
256,256,233873187,Lama glama guanicoe,-49.38194,-72.80041,POINT (-72.80041 -49.38194),1,,,,682.81
257,257,233873186,Lama glama guanicoe,-49.4053,-72.764,POINT (-72.764 -49.4053),1,,,,682.81
258,258,233873155,Lama glama guanicoe,-47.75337,-68.19844,POINT (-68.19844000000001 -47.75337),1,,,,918.3
259,259,233873153,Lama glama guanicoe,-47.70264,-68.14983000000001,POINT (-68.14983000000001 -47.70264),1,,,,923.91
260,260,233873152,Lama glama guanicoe,-47.68364,-68.27705,POINT (-68.27705 -47.68364),1,,,,917.89
261,261,233873151,Lama glama guanicoe,-47.67794,-68.19001,POINT (-68.19001 -47.67794),1,,,,918.65
262,262,233873150,Lama glama guanicoe,-47.70789,-68.16449,POINT (-68.16449 -47.70789),1,,,,923.91
263,263,233873149,Lama glama guanicoe,-47.6366,-67.97348000000001,POINT (-67.97348000000001 -47.6366),1,,,,913.0
264,264,233873125,Lama glama guanicoe,-47.6204,-68.08361,POINT (-68.08360999999999 -47.6204),1,,,,930.13
265,265,233873080,Lama glama guanicoe,-47.55578,-67.95039,POINT (-67.95039 -47.55578),1,,,,910.31
266,266,233873078,Lama glama guanicoe,-47.63175,-67.89989,POINT (-67.89989 -47.63175),1,,,,923.93
267,267,233873061,Lama glama guanicoe,-47.66471,-67.99542,POINT (-67.99542 -47.66471),1,,,,913.0
268,268,233831936,Lama glama guanicoe,-47.73192,-72.06756,POINT (-72.06756 -47.73192),1,,,,606.29
269,269,202071031,Lama glama guanicoe,-42.440001,-65.149475,POINT (-65.149475 -42.440001),1,,,,1147.19
270,270,202071029,Lama glama guanicoe,-44.619307,-66.854359,POINT (-66.854359 -44.619307),1,,,,1000.8
271,271,197135876,Lama glama guanicoe,-19.917,-62.567,POINT (-62.567 -19.917),1,,,,1791.66
272,272,1990593807,Lama glama guanicoe,-45.1392713789492,-59.81645870872315,POINT (-59.81645870872314 -45.1392713789492),0,,,,-9999.0
273,273,1990566091,Lama glama guanicoe,-35.66362286047207,-73.28774528266966,POINT (-73.28774528266965 -35.66362286047206),0,,,,-9999.0
274,274,1990556566,Lama glama guanicoe,-50.18491640136736,-57.595107833038064,POINT (-57.59510783303806 -50.18491640136736),0,,,,-9999.0
275,275,1990486258,Lama glama guanicoe,-49.06418788331753,-76.34237929938206,POINT (-76.34237929938206 -49.06418788331752),0,,,,-9999.0
276,276,1986626409,Lama glama guanicoe,-28.480458612704393,-56.81347681690852,POINT (-56.81347681690852 -28.48045861270439),0,,,,1527.82
277,277,1986625937,Lama glama guanicoe,-37.88902572865343,-65.73669715583972,POINT (-65.73669715583972 -37.88902572865343),0,,,,1445.23
278,278,1986625399,Lama glama guanicoe,-25.582739956309172,-79.7678118019611,POINT (-79.7678118019611 -25.58273995630917),0,,,,-9999.0
279,279,1986624198,Lama glama guanicoe,-50.88885894370364,-80.5880165283533,POINT (-80.58801652835329 -50.88885894370364),0,,,,-9999.0
280,280,1986621637,Lama glama guanicoe,-41.81298772324352,-59.13027250051545,POINT (-59.13027250051545 -41.81298772324352),0,,,,-9999.0
281,281,1986621380,Lama glama guanicoe,-37.072089949665035,-76.49068113667798,POINT (-76.49068113667798 -37.07208994966503),0,,,,-9999.0
282,282,1986621362,Lama glama guanicoe,-13.910564231988316,-75.82651825165308,POINT (-75.82651825165308 -13.91056423198832),0,,,,1579.69
283,283,1986620369,Lama glama guanicoe,-53.68838895009093,-65.02644900634975,POINT (-65.02644900634976 -53.68838895009092),0,,,,-9999.0
284,284,1986615782,Lama glama guanicoe,-16.920520894535834,-68.54991636732682,POINT (-68.54991636732682 -16.92052089453583),0,,,,1153.93
285,285,1986615744,Lama glama guanicoe,-47.640777050156345,-72.52160576443262,POINT (-72.52160576443262 -47.64077705015634),0,,,,601.9
286,286,1986615503,Lama glama guanicoe,-51.68175579712318,-80.66275750199001,POINT (-80.66275750199001 -51.68175579712319),0,,,,-9999.0
287,287,1986604678,Lama glama guanicoe,-49.864975155355474,-83.62852321564941,POINT (-83.62852321564941 -49.86497515535548),0,,,,-9999.0
288,288,1986576951,Lama glama guanicoe,-45.9697868213273,-81.70822683630097,POINT (-81.70822683630097 -45.9697868213273),0,,,,-9999.0
289,289,1986574863,Lama glama guanicoe,-58.894715391886656,-79.86872645158296,POINT (-79.86872645158296 -58.89471539188666),0,,,,-9999.0
290,290,1978837059,Lama glama guanicoe,-29.276576654479246,-68.53903894621054,POINT (-68.53903894621054 -29.27657665447924),0,,,,1439.13
291,291,1948744292,Lama glama guanicoe,-59.25670487474017,-73.48887023497589,POINT (-73.48887023497589 -59.25670487474017),0,,,,-9999.0
292,292,1946332099,Lama glama guanicoe,-34.021518393819,-64.56446231469599,POINT (-64.56446231469599 -34.02151839381899),0,,,,1463.53
293,293,1945445782,Lama glama guanicoe,-34.117647555834175,-55.91692932417731,POINT (-55.91692932417731 -34.11764755583417),0,,,,1280.54
294,294,1935605309,Lama glama guanicoe,-44.224457873938974,-76.00545267886106,POINT (-76.00545267886106 -44.22445787393897),0,,,,-9999.0
295,295,1935601785,Lama glama guanicoe,-34.867816269859865,-61.135333920586405,POINT (-61.1353339205864 -34.86781626985987),0,,,,1351.44
296,296,1933592462,Lama glama guanicoe,-26.981554425608977,-60.4823871157693,POINT (-60.4823871157693 -26.98155442560898),0,,,,1681.2
297,297,1932343222,Lama glama guanicoe,-48.47707916865435,-65.70980246240443,POINT (-65.70980246240443 -48.47707916865433),0,,,,-9999.0
298,298,1932342979,Lama glama guanicoe,-23.534820041275033,-74.90588689848744,POINT (-74.90588689848744 -23.53482004127503),0,,,,-9999.0
299,299,1914210240,Lama glama guanicoe,-40.77759244710853,-71.50783196534769,POINT (-71.50783196534769 -40.77759244710852),0,,,,870.14
300,300,1913665390,Lama glama guanicoe,-42.53102768326253,-63.10130129839044,POINT (-63.10130129839044 -42.53102768326253),0,,,,-9999.0
301,301,1913183574,Lama glama guanicoe,-11.762724276956613,-75.9164472313639,POINT (-75.9164472313639 -11.76272427695661),0,,,,920.62
302,302,1898830125,Lama glama guanicoe,-39.39280325785269,-73.19537970061452,POINT (-73.19537970061451 -39.39280325785269),0,,,,993.4
303,303,1898828770,Lama glama guanicoe,-16.587660922387336,-56.0535830925902,POINT (-56.0535830925902 -16.58766092238734),0,,,,1766.57
304,304,1890052292,Lama glama guanicoe,-20.001716090728568,-75.57969467635381,POINT (-75.57969467635381 -20.00171609072856),0,,,,-9999.0
305,305,1890049507,Lama glama guanicoe,-25.441152908631274,-64.75231989309147,POINT (-64.75231989309147 -25.44115290863127),0,,,,1593.09
306,306,1883940087,Lama glama guanicoe,-40.754914534172244,-73.72968971117855,POINT (-73.72968971117854 -40.75491453417224),0,,,,732.68
307,307,1883908136,Lama glama guanicoe,-54.73454689767871,-83.90937221974832,POINT (-83.90937221974833 -54.7345468976787),0,,,,-9999.0
308,308,1880577801,Lama glama guanicoe,-39.99022235216594,-62.10578865680816,POINT (-62.10578865680816 -39.99022235216594),0,,,,-9999.0
309,309,1850973982,Lama glama guanicoe,-41.395976881909384,-69.21120210149202,POINT (-69.21120210149202 -41.39597688190938),0,,,,1100.03
310,310,1847588551,Lama glama guanicoe,-53.42209224231857,-75.36638490531814,POINT (-75.36638490531814 -53.42209224231857),0,,,,-9999.0
311,311,1847578108,Lama glama guanicoe,-46.72760912599891,-69.59381635415271,POINT (-69.59381635415271 -46.72760912599891),0,,,,1010.41
312,312,1838353175,Lama glama guanicoe,-31.845469921197928,-65.03334631800288,POINT (-65.03334631800288 -31.84546992119793),0,,,,1430.86
313,313,1837778721,Lama glama guanicoe,-55.33410169674242,-67.62377412765287,POINT (-67.62377412765287 -55.33410169674242),0,,,,-9999.0
314,314,1837735899,Lama glama guanicoe,-55.72740219875451,-54.83503304394477,POINT (-54.83503304394477 -55.72740219875451),0,,,,-9999.0
315,315,1837100336,Lama glama guanicoe,-54.501384122092226,-74.35926185447038,POINT (-74.35926185447038 -54.50138412209223),0,,,,-9999.0
316,316,1837080711,Lama glama guanicoe,-19.21179506752523,-57.940753043635205,POINT (-57.94075304363521 -19.21179506752523),0,,,,1776.4
317,317,1837080688,Lama glama guanicoe,-44.38865115367098,-79.78665694035807,POINT (-79.78665694035806 -44.38865115367098),0,,,,-9999.0
318,318,1837080677,Lama glama guanicoe,-53.99942624839589,-53.7841119611812,POINT (-53.7841119611812 -53.99942624839589),0,,,,-9999.0
319,319,1837080617,Lama glama guanicoe,-54.22325428207161,-86.52240645592639,POINT (-86.52240645592637 -54.22325428207161),0,,,,-9999.0
320,320,1837080605,Lama glama guanicoe,-19.98237594962862,-56.34894187348167,POINT (-56.34894187348167 -19.98237594962862),0,,,,1701.01
321,321,1837080535,Lama glama guanicoe,-32.064094982101714,-73.65456755836261,POINT (-73.65456755836261 -32.06409498210171),0,,,,-9999.0
322,322,1836744157,Lama glama guanicoe,-49.55948462308758,-80.8993737814871,POINT (-80.89937378148709 -49.55948462308758),0,,,,-9999.0
323,323,1836666432,Lama glama guanicoe,-45.321933300027844,-83.17373022727811,POINT (-83.17373022727811 -45.32193330002785),0,,,,-9999.0
324,324,1836645730,Lama glama guanicoe,-12.786259954935288,-78.39114328771234,POINT (-78.39114328771234 -12.78625995493529),0,,,,-9999.0
325,325,1836573905,Lama glama guanicoe,-53.44594578257382,-68.96378265834291,POINT (-68.96378265834291 -53.44594578257383),0,,,,551.81
326,326,1831224749,Lama glama guanicoe,-28.98573647678769,-74.68809101406708,POINT (-74.68809101406708 -28.98573647678769),0,,,,-9999.0
327,327,1831172716,Lama glama guanicoe,-40.309283520660145,-66.67558256957948,POINT (-66.67558256957948 -40.30928352066014),0,,,,1306.38
328,328,1831172472,Lama glama guanicoe,-31.85973423454352,-80.10900036383299,POINT (-80.10900036383298 -31.85973423454352),0,,,,-9999.0
329,329,1831097657,Lama glama guanicoe,-25.39619897134022,-61.75170506743222,POINT (-61.75170506743223 -25.39619897134022),0,,,,1734.45
330,330,1831097495,Lama glama guanicoe,-58.08434410160494,-58.38138049595311,POINT (-58.38138049595311 -58.08434410160494),0,,,,-9999.0
331,331,1807909087,Lama glama guanicoe,-18.018530310477885,-61.716812784789546,POINT (-61.71681278478954 -18.01853031047789),0,,,,1804.26
332,332,1807883180,Lama glama guanicoe,-50.153161291334285,-81.72603554053325,POINT (-81.72603554053325 -50.15316129133428),0,,,,-9999.0
333,333,1807324525,Lama glama guanicoe,-17.97289164922246,-57.04739753144501,POINT (-57.04739753144501 -17.97289164922246),0,,,,1741.18
334,334,1807305586,Lama glama guanicoe,-45.8036306069005,-82.53974637593437,POINT (-82.53974637593437 -45.8036306069005),0,,,,-9999.0
335,335,1806351235,Lama glama guanicoe,-57.7029710829274,-57.11914151165894,POINT (-57.11914151165894 -57.7029710829274),0,,,,-9999.0
336,336,1806351213,Lama glama guanicoe,-34.514383291107265,-56.821750965747604,POINT (-56.8217509657476 -34.51438329110726),0,,,,1242.09
337,337,1806351148,Lama glama guanicoe,-48.51357146209773,-56.22739304155982,POINT (-56.22739304155982 -48.51357146209773),0,,,,-9999.0
338,338,1805375362,Lama glama guanicoe,-51.2659991404549,-63.836808848916796,POINT (-63.8368088489168 -51.26599914045489),0,,,,-9999.0
339,339,1802764443,Lama glama guanicoe,-57.699364603364714,-76.39455666196939,POINT (-76.39455666196939 -57.69936460336472),0,,,,-9999.0
340,340,1802667161,Lama glama guanicoe,-25.167428660097364,-60.94050754219325,POINT (-60.94050754219325 -25.16742866009736),0,,,,1710.35
341,341,1802666838,Lama glama guanicoe,-23.084621261429405,-67.13800793841354,POINT (-67.13800793841354 -23.0846212614294),0,,,,1129.97
342,342,1702484232,Lama glama guanicoe,-54.825831413198145,-81.76850870174792,POINT (-81.76850870174792 -54.82583141319815),0,,,,-9999.0
343,343,1702481456,Lama glama guanicoe,-14.60572958307766,-79.17697323329011,POINT (-79.17697323329011 -14.60572958307766),0,,,,-9999.0
344,344,1677326550,Lama glama guanicoe,-14.62586965253618,-64.85934758743403,POINT (-64.85934758743402 -14.62586965253618),0,,,,1751.07
345,345,1671721888,Lama glama guanicoe,-26.96167129050116,-78.37918014607041,POINT (-78.37918014607041 -26.96167129050116),0,,,,-9999.0
346,346,1640056326,Lama glama guanicoe,-26.587976009018828,-59.31385230393896,POINT (-59.31385230393896 -26.58797600901882),0,,,,1617.94
347,347,1640056274,Lama glama guanicoe,-24.783707394452573,-77.49033012796599,POINT (-77.49033012796598 -24.78370739445257),0,,,,-9999.0
348,348,1586954753,Lama glama guanicoe,-39.08833974806901,-74.4150625366671,POINT (-74.41506253666709 -39.088339748069),0,,,,-9999.0
349,349,1586105517,Lama glama guanicoe,-17.407745924295376,-76.73099249650821,POINT (-76.73099249650821 -17.40774592429538),0,,,,-9999.0
350,350,1580505705,Lama glama guanicoe,-55.665681972611544,-64.24369006268829,POINT (-64.2436900626883 -55.66568197261154),0,,,,-9999.0
351,351,1580485647,Lama glama guanicoe,-48.1346901088461,-74.62322020679663,POINT (-74.62322020679663 -48.1346901088461),0,,,,582.71
352,352,1580131250,Lama glama guanicoe,-34.373047280593575,-73.64167791370863,POINT (-73.64167791370862 -34.37304728059357),0,,,,-9999.0
353,353,1580130693,Lama glama guanicoe,-31.388617748047217,-70.6403033275419,POINT (-70.64030332754189 -31.38861774804722),0,,,,865.9
354,354,1562926137,Lama glama guanicoe,-17.080801969963222,-80.76905270003209,POINT (-80.76905270003209 -17.08080196996322),0,,,,-9999.0
355,355,1562881483,Lama glama guanicoe,-38.051985430885225,-75.2515931825785,POINT (-75.2515931825785 -38.05198543088523),0,,,,-9999.0
356,356,1510971729,Lama glama guanicoe,-25.84770723110359,-77.11500506000297,POINT (-77.11500506000297 -25.84770723110359),0,,,,-9999.0
357,357,1510971567,Lama glama guanicoe,-16.421480708952515,-65.25215756713104,POINT (-65.25215756713105 -16.42148070895252),0,,,,1701.09
358,358,1510971528,Lama glama guanicoe,-26.05533805931634,-64.62973696224078,POINT (-64.62973696224078 -26.05533805931634),0,,,,1562.92
359,359,1510971208,Lama glama guanicoe,-35.228432655133716,-82.7749742268811,POINT (-82.7749742268811 -35.22843265513372),0,,,,-9999.0
360,360,1510970446,Lama glama guanicoe,-53.76710125293194,-58.131005367197425,POINT (-58.13100536719742 -53.76710125293194),0,,,,-9999.0
361,361,1510970428,Lama glama guanicoe,-10.784869848646467,-73.73597928427724,POINT (-73.73597928427724 -10.78486984864647),0,,,,1777.5
362,362,1510970420,Lama glama guanicoe,-47.082187108702925,-77.91173858128573,POINT (-77.91173858128573 -47.08218710870292),0,,,,-9999.0
363,363,1510970386,Lama glama guanicoe,-52.67867314177307,-85.33367159467653,POINT (-85.33367159467653 -52.67867314177307),0,,,,-9999.0
364,364,1510970382,Lama glama guanicoe,-31.11847949710637,-81.7684217572282,POINT (-81.76842175722821 -31.11847949710637),0,,,,-9999.0
365,365,1510970345,Lama glama guanicoe,-56.73234482045599,-66.32855534451782,POINT (-66.32855534451782 -56.73234482045599),0,,,,-9999.0
366,366,1510970145,Lama glama guanicoe,-50.2057575829835,-72.98662116676223,POINT (-72.98662116676223 -50.20575758298351),0,,,,680.27
367,367,1510969485,Lama glama guanicoe,-50.76779314933281,-67.84262587804224,POINT (-67.84262587804224 -50.76779314933281),0,,,,-9999.0
368,368,1510969440,Lama glama guanicoe,-42.2515410453461,-77.15325582651157,POINT (-77.15325582651157 -42.2515410453461),0,,,,-9999.0
369,369,1510969428,Lama glama guanicoe,-41.23774258851825,-63.28470598951753,POINT (-63.28470598951754 -41.23774258851825),0,,,,-9999.0
370,370,1510968015,Lama glama guanicoe,-12.056266823696935,-75.16279177954053,POINT (-75.16279177954053 -12.05626682369694),0,,,,1061.37
371,371,1510964176,Lama glama guanicoe,-52.48750251515594,-69.42195826603447,POINT (-69.42195826603447 -52.48750251515595),0,,,,641.8
372,372,1510964129,Lama glama guanicoe,-29.08416729961116,-58.72713471749137,POINT (-58.72713471749137 -29.08416729961116),0,,,,1480.72
373,373,1510960872,Lama glama guanicoe,-33.03615502780781,-56.72892487177167,POINT (-56.72892487177167 -33.03615502780781),0,,,,1339.6
374,374,1510959977,Lama glama guanicoe,-37.40909804015915,-80.40019337955084,POINT (-80.40019337955084 -37.40909804015915),0,,,,-9999.0
375,375,1457602583,Lama glama guanicoe,-28.96302479737604,-72.05663894462751,POINT (-72.05663894462752 -28.96302479737604),0,,,,-9999.0
376,376,1457600590,Lama glama guanicoe,-23.57551286423375,-67.11390711117204,POINT (-67.11390711117204 -23.57551286423375),0,,,,1122.87
377,377,1457596347,Lama glama guanicoe,-27.82872150744339,-71.88824206763199,POINT (-71.88824206763201 -27.82872150744339),0,,,,-9999.0
378,378,1453548358,Lama glama guanicoe,-52.146933817710895,-76.73860000879432,POINT (-76.73860000879431 -52.1469338177109),0,,,,-9999.0
379,379,1453307523,Lama glama guanicoe,-40.59508710283446,-66.34028395902587,POINT (-66.34028395902587 -40.59508710283446),0,,,,1284.99
380,380,1453228368,Lama glama guanicoe,-18.905852817144112,-55.91602493269146,POINT (-55.91602493269146 -18.90585281714411),0,,,,1735.88
381,381,1453228277,Lama glama guanicoe,-26.969034034206352,-70.44282264885088,POINT (-70.44282264885088 -26.96903403420635),0,,,,1181.08
382,382,1453208474,Lama glama guanicoe,-22.13604733405948,-73.03280360189996,POINT (-73.03280360189996 -22.13604733405948),0,,,,-9999.0
383,383,1453208441,Lama glama guanicoe,-20.89047301147669,-68.32130717071135,POINT (-68.32130717071136 -20.89047301147669),0,,,,1174.35
384,384,1453207464,Lama glama guanicoe,-16.104141684566926,-66.97743417839634,POINT (-66.97743417839634 -16.10414168456693),0,,,,1606.17
385,385,1453207431,Lama glama guanicoe,-42.26012020612568,-79.76517468575538,POINT (-79.76517468575538 -42.26012020612568),0,,,,-9999.0
386,386,1453207421,Lama glama guanicoe,-16.827258155543838,-63.686026166847896,POINT (-63.6860261668479 -16.82725815554384),0,,,,1644.15
387,387,1453207398,Lama glama guanicoe,-42.3346767984802,-70.91586279340984,POINT (-70.91586279340984 -42.3346767984802),0,,,,1000.19
388,388,1453207371,Lama glama guanicoe,-56.51706312025821,-67.11284323840334,POINT (-67.11284323840334 -56.51706312025821),0,,,,-9999.0
389,389,1453207370,Lama glama guanicoe,-29.57955488275859,-81.49331423757133,POINT (-81.49331423757133 -29.57955488275859),0,,,,-9999.0
390,390,1453206235,Lama glama guanicoe,-37.966418338411906,-62.01501032458336,POINT (-62.01501032458336 -37.96641833841191),0,,,,1201.79
391,391,1453053434,Lama glama guanicoe,-57.85828257199378,-61.41514279915642,POINT (-61.41514279915642 -57.85828257199378),0,,,,-9999.0
392,392,1338932128,Lama glama guanicoe,-43.827856387627705,-60.07512639852682,POINT (-60.07512639852682 -43.82785638762771),0,,,,-9999.0
393,393,1323026628,Lama glama guanicoe,-53.17167004610842,-56.60843085835981,POINT (-56.60843085835981 -53.17167004610842),0,,,,-9999.0
394,394,1265898724,Lama glama guanicoe,-50.56161774435265,-56.132966304505615,POINT (-56.13296630450562 -50.56161774435266),0,,,,-9999.0
395,395,1265895307,Lama glama guanicoe,-40.92542738149036,-79.29618869285089,POINT (-79.29618869285089 -40.92542738149036),0,,,,-9999.0
396,396,1265540592,Lama glama guanicoe,-26.93946859034186,-71.36088939331478,POINT (-71.36088939331478 -26.93946859034186),0,,,,-9999.0
397,397,1265540518,Lama glama guanicoe,-20.50443514783208,-59.958586860552046,POINT (-59.95858686055205 -20.50443514783208),0,,,,1809.73
398,398,1265540393,Lama glama guanicoe,-46.211326813871224,-74.98580774433636,POINT (-74.98580774433636 -46.21132681387122),0,,,,571.29
399,399,1262373132,Lama glama guanicoe,-53.97776493987467,-66.34685338590114,POINT (-66.34685338590113 -53.97776493987467),0,,,,-9999.0
400,400,1227766680,Lama glama guanicoe,-15.626590224014855,-70.70023391888374,POINT (-70.70023391888374 -15.62659022401485),0,,,,1069.59
401,401,1227725646,Lama glama guanicoe,-31.80713673702302,-80.79417230565765,POINT (-80.79417230565765 -31.80713673702302),0,,,,-9999.0
402,402,1145683537,Lama glama guanicoe,-58.588406499768475,-70.29302234460772,POINT (-70.29302234460772 -58.58840649976847),0,,,,-9999.0
403,403,1092896165,Lama glama guanicoe,-60.41442165040394,-69.86240981817245,POINT (-69.86240981817245 -60.41442165040394),0,,,,
404,404,1088920038,Lama glama guanicoe,-37.665370131896346,-57.770886230217,POINT (-57.77088623021699 -37.66537013189634),0,,,,
405,405,1088917626,Lama glama guanicoe,-29.694371238792066,-74.34292023110123,POINT (-74.34292023110123 -29.69437123879206),0,,,,
406,406,1088917569,Lama glama guanicoe,-10.925430268510773,-72.49775466079248,POINT (-72.49775466079248 -10.92543026851077),0,,,,
407,407,1088916214,Lama glama guanicoe,-50.846211537055474,-60.45541590412758,POINT (-60.45541590412758 -50.84621153705547),0,,,,
408,408,1088911090,Lama glama guanicoe,-54.017621390777975,-72.23403426369356,POINT (-72.23403426369356 -54.01762139077798),0,,,,
409,409,1088910997,Lama glama guanicoe,-55.765076702819215,-55.71505373215373,POINT (-55.71505373215373 -55.76507670281921),0,,,,
410,410,1088910263,Lama glama guanicoe,-54.26280529822465,-57.473399551838945,POINT (-57.47339955183894 -54.26280529822465),0,,,,
411,411,1088910250,Lama glama guanicoe,-53.037885089999406,-79.52536773523731,POINT (-79.52536773523731 -53.03788508999941),0,,,,
412,412,1065614630,Lama glama guanicoe,-29.85006536526291,-75.72907685450701,POINT (-75.72907685450701 -29.85006536526291),0,,,,
413,413,1065614583,Lama glama guanicoe,-44.85882006064537,-76.21514411357894,POINT (-76.21514411357894 -44.85882006064537),0,,,,
414,414,1065610123,Lama glama guanicoe,-33.629407655993234,-65.31977583253008,POINT (-65.31977583253008 -33.62940765599323),0,,,,
415,415,1065605267,Lama glama guanicoe,-57.031897273586566,-56.33016523837839,POINT (-56.33016523837838 -57.03189727358657),0,,,,
416,416,1065605074,Lama glama guanicoe,-33.15759023604059,-59.69228971043295,POINT (-59.69228971043295 -33.15759023604059),0,,,,
417,417,1065595480,Lama glama guanicoe,-18.268571730571246,-65.27475276345339,POINT (-65.27475276345341 -18.26857173057125),0,,,,
418,418,1024180475,Lama glama guanicoe,-22.53679069176935,-62.4468154165775,POINT (-62.4468154165775 -22.53679069176935),0,,,,
419,419,922185271,Lama glama guanicoe,-40.739301701302544,-70.25815976513964,POINT (-70.25815976513964 -40.73930170130255),0,,,,
420,420,922175775,Lama glama guanicoe,-57.15323999492489,-65.02407137921682,POINT (-65.02407137921683 -57.15323999492489),0,,,,
421,421,922145488,Lama glama guanicoe,-48.32053024381851,-67.91824196869668,POINT (-67.91824196869668 -48.32053024381851),0,,,,
422,422,899971289,Lama glama guanicoe,-32.91041458104639,-64.42584955775021,POINT (-64.42584955775021 -32.91041458104639),0,,,,
423,423,899966700,Lama glama guanicoe,-30.51782833051867,-64.18793205236855,POINT (-64.18793205236855 -30.51782833051867),0,,,,
424,424,899944346,Lama glama guanicoe,-42.33882154414685,-56.10732831866476,POINT (-56.10732831866476 -42.33882154414685),0,,,,
425,425,899941339,Lama glama guanicoe,-18.410529951619004,-64.00658905914511,POINT (-64.00658905914511 -18.410529951619),0,,,,
426,426,899937960,Lama glama guanicoe,-44.1201366013229,-76.51814654247639,POINT (-76.51814654247639 -44.1201366013229),0,,,,
427,427,894781596,Lama glama guanicoe,-58.421112263765,-61.75163110597194,POINT (-61.75163110597194 -58.421112263765),0,,,,
428,428,891084293,Lama glama guanicoe,-55.53275491467915,-60.67073830647559,POINT (-60.67073830647558 -55.53275491467916),0,,,,
429,429,891072453,Lama glama guanicoe,-37.36643623731655,-78.30383626028728,POINT (-78.30383626028728 -37.36643623731655),0,,,,
430,430,891027748,Lama glama guanicoe,-60.69583974807367,-68.06229578938809,POINT (-68.06229578938809 -60.69583974807367),0,,,,
431,431,891026422,Lama glama guanicoe,-36.844104166018255,-55.70359651684619,POINT (-55.70359651684619 -36.84410416601826),0,,,,
432,432,699207390,Lama glama guanicoe,-32.50983977939136,-79.46348702946688,POINT (-79.46348702946688 -32.50983977939136),0,,,,
433,433,699207389,Lama glama guanicoe,-38.11939325547506,-63.99988919562985,POINT (-63.99988919562983 -38.11939325547506),0,,,,
434,434,699207387,Lama glama guanicoe,-37.24380032190797,-71.22242211708753,POINT (-71.22242211708753 -37.24380032190797),0,,,,
435,435,699207386,Lama glama guanicoe,-35.080913155095004,-60.24928055731594,POINT (-60.24928055731594 -35.080913155095),0,,,,
436,436,699207385,Lama glama guanicoe,-23.99578084797498,-65.38929373498448,POINT (-65.38929373498448 -23.99578084797498),0,,,,
437,437,699207384,Lama glama guanicoe,-29.670535125744426,-76.55249261850203,POINT (-76.55249261850203 -29.67053512574442),0,,,,
438,438,699207382,Lama glama guanicoe,-19.515801159802283,-61.69780873055893,POINT (-61.69780873055893 -19.51580115980228),0,,,,
439,439,699207380,Lama glama guanicoe,-50.338208094680326,-54.216362679524146,POINT (-54.21636267952415 -50.33820809468033),0,,,,
440,440,699207379,Lama glama guanicoe,-13.74923019077096,-78.94313896765316,POINT (-78.94313896765316 -13.74923019077096),0,,,,
441,441,699207378,Lama glama guanicoe,-30.235740420695144,-78.55082514120392,POINT (-78.5508251412039 -30.23574042069514),0,,,,
442,442,699207377,Lama glama guanicoe,-52.03467763864282,-56.691226358026256,POINT (-56.69122635802626 -52.03467763864282),0,,,,
443,443,699207376,Lama glama guanicoe,-48.228436943718215,-66.82017750492122,POINT (-66.82017750492122 -48.22843694371821),0,,,,
444,444,699207374,Lama glama guanicoe,-53.050811126851066,-83.95558482283103,POINT (-83.95558482283103 -53.05081112685106),0,,,,
445,445,699207373,Lama glama guanicoe,-52.01899824678964,-70.70375122606066,POINT (-70.70375122606065 -52.01899824678965),0,,,,
446,446,699207372,Lama glama guanicoe,-24.63799430726366,-72.61895240662079,POINT (-72.61895240662081 -24.63799430726366),0,,,,
447,447,699207371,Lama glama guanicoe,-47.23030557939883,-62.08470115644091,POINT (-62.08470115644091 -47.23030557939883),0,,,,
448,448,699207370,Lama glama guanicoe,-17.0532588375967,-72.91358065825578,POINT (-72.91358065825578 -17.0532588375967),0,,,,
449,449,699207369,Lama glama guanicoe,-42.124835468721415,-66.76120897169662,POINT (-66.76120897169662 -42.12483546872141),0,,,,
450,450,699207368,Lama glama guanicoe,-54.78654531803691,-73.1565226058477,POINT (-73.15652260584771 -54.78654531803691),0,,,,
451,451,699207367,Lama glama guanicoe,-50.231954181474,-71.79956546214396,POINT (-71.79956546214395 -50.231954181474),0,,,,
452,452,699207366,Lama glama guanicoe,-51.42695683094031,-63.268923194963186,POINT (-63.26892319496319 -51.42695683094031),0,,,,
453,453,699207365,Lama glama guanicoe,-11.20597053777742,-66.13219463151711,POINT (-66.13219463151711 -11.20597053777742),0,,,,
454,454,699207364,Lama glama guanicoe,-14.365824061914429,-57.07807946167468,POINT (-57.07807946167468 -14.36582406191443),0,,,,
455,455,699207363,Lama glama guanicoe,-51.003863427147294,-71.1581439327274,POINT (-71.1581439327274 -51.00386342714729),0,,,,
456,456,699207353,Lama glama guanicoe,-21.225021933651725,-73.4755096347083,POINT (-73.47550963470832 -21.22502193365172),0,,,,
457,457,699207337,Lama glama guanicoe,-42.42403587841776,-72.10599527091841,POINT (-72.10599527091841 -42.42403587841775),0,,,,
458,458,699207336,Lama glama guanicoe,-57.61402695625575,-76.82722695002984,POINT (-76.82722695002985 -57.61402695625575),0,,,,
459,459,699207335,Lama glama guanicoe,-41.356480516245796,-59.33086996006391,POINT (-59.33086996006391 -41.3564805162458),0,,,,
460,460,699207334,Lama glama guanicoe,-31.09806041669114,-69.35832423811935,POINT (-69.35832423811935 -31.09806041669114),0,,,,
461,461,699207333,Lama glama guanicoe,-16.592407473977698,-56.19584095696372,POINT (-56.19584095696372 -16.5924074739777),0,,,,
462,462,699207332,Lama glama guanicoe,-49.95439823482893,-83.48579769560855,POINT (-83.48579769560854 -49.95439823482893),0,,,,
463,463,699207331,Lama glama guanicoe,-46.413554773858856,-74.8041546290649,POINT (-74.80415462906491 -46.41355477385885),0,,,,
464,464,699207330,Lama glama guanicoe,-44.504140057138244,-68.15360920509256,POINT (-68.15360920509256 -44.50414005713824),0,,,,
465,465,699207329,Lama glama guanicoe,-39.07592146895193,-68.32927440456257,POINT (-68.32927440456257 -39.07592146895193),0,,,,
466,466,699207327,Lama glama guanicoe,-15.75132714472258,-77.38485748946906,POINT (-77.38485748946906 -15.75132714472258),0,,,,
467,467,699207326,Lama glama guanicoe,-45.635937544965046,-69.28326706619998,POINT (-69.28326706619998 -45.63593754496505),0,,,,
468,468,699207325,Lama glama guanicoe,-42.560522665208616,-57.894935248586776,POINT (-57.89493524858678 -42.56052266520862),0,,,,
469,469,699207324,Lama glama guanicoe,-30.51487337236389,-74.54040294696445,POINT (-74.54040294696445 -30.51487337236389),0,,,,
470,470,699207323,Lama glama guanicoe,-22.39267205057007,-67.78484642253787,POINT (-67.78484642253787 -22.39267205057006),0,,,,
471,471,699207322,Lama glama guanicoe,-21.602266832195763,-67.77465943686188,POINT (-67.77465943686188 -21.60226683219576),0,,,,
472,472,699207321,Lama glama guanicoe,-49.212730248660286,-75.10519572406945,POINT (-75.10519572406946 -49.21273024866029),0,,,,
473,473,699207319,Lama glama guanicoe,-52.331673434700186,-58.55852993571808,POINT (-58.55852993571808 -52.33167343470019),0,,,,
474,474,686469351,Lama glama guanicoe,-51.84227091208736,-62.76459555334456,POINT (-62.76459555334456 -51.84227091208736),0,,,,
475,475,665815672,Lama glama guanicoe,-55.17870689472189,-62.69676308623255,POINT (-62.69676308623255 -55.17870689472188),0,,,,
476,476,665815671,Lama glama guanicoe,-43.47314844651495,-75.82280539935189,POINT (-75.82280539935189 -43.47314844651495),0,,,,
477,477,665815670,Lama glama guanicoe,-22.611896457746298,-55.603950865295886,POINT (-55.60395086529588 -22.6118964577463),0,,,,
478,478,665815669,Lama glama guanicoe,-33.58468098055611,-68.42452856494317,POINT (-68.42452856494317 -33.58468098055612),0,,,,
479,479,665792768,Lama glama guanicoe,-35.322594239759084,-62.41205358258871,POINT (-62.41205358258871 -35.32259423975908),0,,,,
480,480,665785658,Lama glama guanicoe,-43.262665555428974,-57.825562583003844,POINT (-57.82556258300384 -43.26266555542898),0,,,,
481,481,233874223,Lama glama guanicoe,-18.321134478617694,-71.22455551973759,POINT (-71.22455551973761 -18.32113447861769),0,,,,
482,482,233874220,Lama glama guanicoe,-36.47070022604521,-77.7498641560612,POINT (-77.74986415606118 -36.47070022604521),0,,,,
483,483,233874183,Lama glama guanicoe,-39.00088276855453,-56.90248403913246,POINT (-56.90248403913246 -39.00088276855453),0,,,,
484,484,233874180,Lama glama guanicoe,-57.8951445958015,-68.09816652879013,POINT (-68.09816652879013 -57.8951445958015),0,,,,
485,485,233874179,Lama glama guanicoe,-56.09325786133736,-78.86219220458405,POINT (-78.86219220458405 -56.09325786133736),0,,,,
486,486,233873959,Lama glama guanicoe,-51.431118263279075,-84.9142266814341,POINT (-84.91422668143409 -51.43111826327908),0,,,,
487,487,233873957,Lama glama guanicoe,-51.58790588520344,-53.8709977583252,POINT (-53.8709977583252 -51.58790588520344),0,,,,
488,488,233873956,Lama glama guanicoe,-39.64800243092329,-68.1886568153345,POINT (-68.1886568153345 -39.6480024309233),0,,,,
489,489,233873954,Lama glama guanicoe,-39.156401805993575,-65.45342809519495,POINT (-65.45342809519495 -39.15640180599358),0,,,,
490,490,233873953,Lama glama guanicoe,-28.75524231468779,-67.41915940332528,POINT (-67.41915940332528 -28.75524231468779),0,,,,
491,491,233873947,Lama glama guanicoe,-28.04471810832527,-75.10300129005681,POINT (-75.10300129005682 -28.04471810832527),0,,,,
492,492,233873946,Lama glama guanicoe,-54.02421814797185,-73.73191433919352,POINT (-73.73191433919352 -54.02421814797185),0,,,,
493,493,233873932,Lama glama guanicoe,-42.78616865434928,-63.431903020233975,POINT (-63.43190302023397 -42.78616865434928),0,,,,
494,494,233873925,Lama glama guanicoe,-56.176432058021796,-83.70498595276213,POINT (-83.70498595276213 -56.1764320580218),0,,,,
495,495,233873882,Lama glama guanicoe,-17.22667683785614,-75.76685239980928,POINT (-75.76685239980928 -17.22667683785614),0,,,,
496,496,233873812,Lama glama guanicoe,-21.894621091309578,-72.03680766211372,POINT (-72.03680766211372 -21.89462109130958),0,,,,
497,497,233873794,Lama glama guanicoe,-19.005869332926146,-61.13573571983046,POINT (-61.13573571983045 -19.00586933292615),0,,,,
498,498,233873777,Lama glama guanicoe,-13.371501857718613,-69.52143786651312,POINT (-69.52143786651312 -13.37150185771861),0,,,,
499,499,233873681,Lama glama guanicoe,-45.33699272265844,-64.06742944241184,POINT (-64.06742944241184 -45.33699272265844),0,,,,
500,500,233873227,Lama glama guanicoe,-26.232191919270452,-71.24005386369734,POINT (-71.24005386369734 -26.23219191927046),0,,,,
501,501,233873226,Lama glama guanicoe,-29.56188961686784,-72.77076415605319,POINT (-72.77076415605319 -29.56188961686784),0,,,,
502,502,233873225,Lama glama guanicoe,-45.49674754999697,-80.8672630623559,POINT (-80.8672630623559 -45.49674754999697),0,,,,
503,503,233873224,Lama glama guanicoe,-37.550460205955595,-79.4121830251587,POINT (-79.4121830251587 -37.55046020595559),0,,,,
504,504,233873223,Lama glama guanicoe,-54.890659102318686,-79.77555076254464,POINT (-79.77555076254464 -54.89065910231869),0,,,,
505,505,233873221,Lama glama guanicoe,-30.310453181482803,-60.390283803089005,POINT (-60.39028380308901 -30.3104531814828),0,,,,
506,506,233873220,Lama glama guanicoe,-21.28215157217156,-57.15323899582523,POINT (-57.15323899582523 -21.28215157217156),0,,,,
507,507,233873219,Lama glama guanicoe,-53.9843225172666,-77.8742346774878,POINT (-77.87423467748782 -53.98432251726659),0,,,,
508,508,233873218,Lama glama guanicoe,-48.60543002053269,-69.57042645389217,POINT (-69.57042645389217 -48.60543002053269),0,,,,
509,509,233873217,Lama glama guanicoe,-54.57368097998088,-60.099207082814296,POINT (-60.0992070828143 -54.57368097998088),0,,,,
510,510,233873216,Lama glama guanicoe,-37.310589710217926,-66.25689934416825,POINT (-66.25689934416825 -37.31058971021793),0,,,,
511,511,233873215,Lama glama guanicoe,-43.994546534800946,-62.0419500979978,POINT (-62.0419500979978 -43.99454653480095),0,,,,
512,512,233873213,Lama glama guanicoe,-31.75166221119213,-75.0887750888033,POINT (-75.08877508880329 -31.75166221119213),0,,,,
513,513,233873212,Lama glama guanicoe,-54.36213627443146,-60.30037851985079,POINT (-60.30037851985079 -54.36213627443146),0,,,,
514,514,233873211,Lama glama guanicoe,-18.915154935066575,-61.05568314003777,POINT (-61.05568314003777 -18.91515493506657),0,,,,
515,515,233873210,Lama glama guanicoe,-49.236120034844674,-74.42303001186347,POINT (-74.42303001186349 -49.23612003484467),0,,,,
516,516,233873209,Lama glama guanicoe,-30.910633648918182,-61.046306907834214,POINT (-61.04630690783421 -30.91063364891818),0,,,,
517,517,233873205,Lama glama guanicoe,-48.18913424137229,-70.03372336318283,POINT (-70.03372336318283 -48.18913424137229),0,,,,
518,518,233873204,Lama glama guanicoe,-49.988199428511855,-85.91795480279215,POINT (-85.91795480279215 -49.98819942851186),0,,,,
519,519,233873203,Lama glama guanicoe,-54.99002295324029,-64.69326282187073,POINT (-64.69326282187073 -54.99002295324028),0,,,,
520,520,233873202,Lama glama guanicoe,-22.349900171572905,-56.208540500654536,POINT (-56.20854050065453 -22.34990017157291),0,,,,
521,521,233873201,Lama glama guanicoe,-17.080416717057915,-64.22281284276025,POINT (-64.22281284276025 -17.08041671705791),0,,,,
522,522,233873198,Lama glama guanicoe,-55.632695610460146,-72.40884062717147,POINT (-72.40884062717147 -55.63269561046015),0,,,,
523,523,233873196,Lama glama guanicoe,-44.506706814636594,-79.32239682610484,POINT (-79.32239682610485 -44.50670681463659),0,,,,
524,524,233873195,Lama glama guanicoe,-16.901644226874325,-55.39882296986285,POINT (-55.39882296986285 -16.90164422687432),0,,,,
525,525,233873194,Lama glama guanicoe,-26.832703313532605,-70.38343775347983,POINT (-70.38343775347983 -26.8327033135326),0,,,,
526,526,233873193,Lama glama guanicoe,-39.30447552140728,-77.45276458787558,POINT (-77.45276458787558 -39.30447552140728),0,,,,
527,527,233873189,Lama glama guanicoe,-43.66992787334241,-68.5385773951465,POINT (-68.5385773951465 -43.66992787334241),0,,,,
528,528,233873187,Lama glama guanicoe,-49.585384587621476,-74.74330939945213,POINT (-74.74330939945212 -49.58538458762148),0,,,,
529,529,233873186,Lama glama guanicoe,-38.442164462118406,-67.91788282570484,POINT (-67.91788282570484 -38.44216446211841),0,,,,
530,530,233873155,Lama glama guanicoe,-45.20722643506944,-69.65940290564191,POINT (-69.65940290564191 -45.20722643506944),0,,,,
531,531,233873153,Lama glama guanicoe,-49.950832063343924,-57.12751963179285,POINT (-57.12751963179285 -49.95083206334392),0,,,,
532,532,233873152,Lama glama guanicoe,-10.898446348393,-69.67242702836748,POINT (-69.67242702836748 -10.898446348393),0,,,,
533,533,233873151,Lama glama guanicoe,-42.412618926102425,-67.83482708424368,POINT (-67.83482708424368 -42.41261892610243),0,,,,
534,534,233873150,Lama glama guanicoe,-54.03882762871075,-76.03135703967823,POINT (-76.03135703967823 -54.03882762871075),0,,,,
535,535,233873149,Lama glama guanicoe,-60.15677491431703,-71.32714354481587,POINT (-71.32714354481588 -60.15677491431704),0,,,,
536,536,233873125,Lama glama guanicoe,-56.9481668437417,-65.45059384073551,POINT (-65.45059384073551 -56.9481668437417),0,,,,
537,537,233873080,Lama glama guanicoe,-29.785731200618983,-70.82795531585714,POINT (-70.82795531585714 -29.78573120061898),0,,,,
538,538,233873078,Lama glama guanicoe,-35.17519925384199,-64.52337186575214,POINT (-64.52337186575213 -35.17519925384199),0,,,,
539,539,233873061,Lama glama guanicoe,-57.305512671168906,-81.46061532039697,POINT (-81.46061532039697 -57.30551267116891),0,,,,
540,540,233831936,Lama glama guanicoe,-41.37318923820375,-55.78195943595414,POINT (-55.78195943595414 -41.37318923820375),0,,,,
541,541,202071031,Lama glama guanicoe,-16.935271234644393,-69.49536744643001,POINT (-69.49536744643 -16.9352712346444),0,,,,
542,542,202071029,Lama glama guanicoe,-35.530975085561025,-65.35154746441975,POINT (-65.35154746441975 -35.53097508556102),0,,,,
543,543,197135876,Lama glama guanicoe,-12.153517251163686,-72.44235690688599,POINT (-72.442356906886 -12.15351725116368),0,,,,
