,taxon_name,gbif_id,decimal_longitude,decimal_latitude,present/pseudo_absent,row_n
0,Gazella gazella,84161328,35.484429999999996,32.620474,1,0
1,Gazella gazella,1831091134,35.618015,32.936826,1,1
2,Gazella gazella,84136555,35.685024,32.871439,1,2
3,Gazella gazella,1094472200,35.66,32.96,1,3
4,Gazella gazella,1248682287,34.920693,31.668232,1,4
5,Gazella gazella,84092443,34.695015000000005,31.837921,1,5
6,Gazella gazella,48459742,34.898205,31.728547999999996,1,6
7,Gazella gazella,48458037,35.021501,31.809048999999998,1,7
8,Gazella gazella,84040294,35.506749,32.284973,1,8
9,Gazella gazella,84053871,34.77044,31.973473,1,9
10,Gazella gazella,84131079,35.517519,32.330034999999995,1,10
11,Gazella gazella,84162427,35.756985,32.931554,1,11
12,Gazella gazella,48464741,35.476915999999996,32.952315000000006,1,12
13,Gazella gazella,84129732,35.554041,32.711372,1,13
14,Gazella gazella,1094469345,35.66,32.78,1,14
15,Gazella gazella,84137973,34.998121000000005,31.874846999999995,1,15
16,Gazella gazella,84034476,35.420384000000006,31.671915999999996,1,16
17,Gazella gazella,84037841,35.162139,31.415958000000003,1,17
18,Gazella gazella,48459489,34.943987,31.581646999999997,1,18
19,Gazella gazella,84138674,35.07225,31.76943,1,20
20,Gazella gazella,84164887,35.430791,32.475403,1,21
21,Gazella gazella,1094474180,35.12,32.58,1,22
22,Gazella gazella,48462364,35.749324,32.902734,1,23
23,Gazella gazella,84130278,35.668457000000004,32.767808,1,24
24,Gazella gazella,1094480317,35.53,32.61,1,25
25,Gazella gazella,1248680120,35.557543,33.122668,1,26
26,Gazella gazella,1094471570,35.67,32.84,1,27
27,Gazella gazella,84032715,34.598633,31.551616999999997,1,28
28,Gazella gazella,48466936,34.625284,31.499432000000002,1,29
29,Gazella gazella,84040225,34.996972,31.441952,1,30
30,Gazella gazella,84052929,35.476971,32.970348,1,31
31,Gazella gazella,48461969,35.757908,32.908106,1,32
32,Gazella gazella,84123726,35.678814,32.708257,1,33
33,Gazella gazella,1094464680,35.15,31.72,1,34
34,Gazella gazella,1094483958,35.13,31.77,1,35
35,Gazella gazella,84118824,35.486598,32.632191,1,36
36,Gazella gazella,84153049,35.683795,32.841688,1,37
37,Gazella gazella,84159604,35.797565000000006,32.924155,1,38
38,Gazella gazella,84147702,35.478728000000004,31.789044,1,39
39,Gazella gazella,84161812,35.509246999999995,33.024374,1,40
40,Gazella gazella,1094478692,35.67,32.76,1,41
41,Gazella gazella,84103523,34.873002,31.396596999999996,1,42
42,Gazella gazella,84141369,35.495088,32.621351000000004,1,43
43,Gazella gazella,48466898,35.644443,33.091594,1,44
44,Gazella gazella,84108305,35.466421000000004,33.019963,1,45
45,Gazella gazella,1094471010,35.13,31.74,1,46
46,Gazella gazella,48475194,34.701347999999996,31.838848,1,47
47,Gazella gazella,84105466,34.735892,31.481848,1,48
48,Gazella gazella,1094479797,35.48,32.63,1,49
49,Gazella gazella,48458693,35.072354,31.696381,1,50
50,Gazella gazella,84146075,35.127142,31.770377000000003,1,51
51,Gazella gazella,84103058,35.10665,32.181591999999995,1,52
52,Gazella gazella,84005238,35.683236,32.936366,1,53
53,Gazella gazella,48478444,35.450359999999996,32.238203000000006,1,54
54,Gazella gazella,1094473812,35.53,32.57,1,55
55,Gazella gazella,84041963,34.909094,31.622155,1,56
56,Gazella gazella,84139636,35.469494,32.973971,1,57
57,Gazella gazella,48466996,35.066152,32.315919,1,58
58,Gazella gazella,84107543,35.444856,32.961397,1,59
59,Gazella gazella,48459584,34.757791999999995,31.963509000000002,1,60
60,Gazella gazella,1094469860,35.34,31.94,1,61
61,Gazella gazella,84132263,35.46349,32.377951,1,62
62,Gazella gazella,1248681870,35.56218,33.096667,1,63
63,Gazella gazella,48458701,35.077458,31.820840999999998,1,64
64,Gazella gazella,1248683751,34.904340999999995,31.46315,1,65
65,Gazella gazella,84109691,34.929913,31.710583000000003,1,66
66,Gazella gazella,1094474297,35.23,31.98,1,68
67,Gazella gazella,1092918112,34.98,31.66,1,69
68,Gazella gazella,84160982,35.024594,31.847832,1,70
69,Gazella gazella,1094471744,34.75,31.83,1,71
70,Gazella gazella,84165295,35.564574,32.943076,1,72
71,Gazella gazella,84142401,35.740778999999996,32.903673,1,73
72,Gazella gazella,1248682396,35.747690000000006,32.917469,1,74
73,Gazella gazella,84161171,35.633139,32.747195,1,75
74,Gazella gazella,84132434,35.056534,31.694559,1,76
75,Gazella gazella,84139769,35.177805,31.798354999999997,1,77
76,Gazella gazella,84164811,35.681519,33.213179,1,78
77,Gazella gazella,1094479873,35.65,33.04,1,79
78,Gazella gazella,84023949,35.646908,32.726408,1,80
79,Gazella gazella,1094478281,35.35,31.59,1,81
80,Gazella gazella,1248681810,35.461971999999996,32.985463,1,82
81,Gazella gazella,84153352,35.07962,31.783866999999997,1,83
82,Gazella gazella,1094483839,35.69,32.84,1,84
83,Gazella gazella,1092911869,35.09,31.78,1,85
84,Gazella gazella,84139299,35.746128000000006,32.904551,1,86
85,Gazella gazella,1094471448,35.43,32.45,1,87
86,Gazella gazella,48467254,35.080014,31.488958,1,88
87,Gazella gazella,1094480263,35.06,32.54,1,89
88,Gazella gazella,84043757,35.021008,32.057951,1,90
89,Gazella gazella,84153171,35.550216999999996,32.549074,1,91
90,Gazella gazella,84041683,35.062636,31.843371,1,92
91,Gazella gazella,1453268890,35.720864,33.061964,1,93
92,Gazella gazella,1094469163,34.74,31.72,1,94
93,Gazella gazella,84079770,35.466274,32.970371,1,95
94,Gazella gazella,84126941,35.794709999999995,32.815968,1,96
95,Gazella gazella,84113907,34.889647,31.44985,1,97
96,Gazella gazella,84113406,34.981729,32.098469,1,98
97,Gazella gazella,84107529,35.01014,32.684657,1,99
98,Gazella gazella,1094468690,35.45,32.91,1,100
99,Gazella gazella,1092918030,35.01,32.66,1,101
100,Gazella gazella,1094482539,35.47,32.97,1,102
101,Gazella gazella,1094477024,35.71,32.92,1,103
102,Gazella gazella,1094474441,35.48,32.62,1,104
103,Gazella gazella,1094468018,34.72,31.58,1,105
104,Gazella gazella,1248682657,35.512391,32.678852,1,106
105,Gazella gazella,48476607,34.882698,31.635619000000002,1,107
106,Gazella gazella,1094478884,35.53,33.03,1,108
107,Gazella gazella,84103746,34.662096999999996,31.504103000000004,1,109
108,Gazella gazella,84125772,35.481048,32.560066,1,110
109,Gazella gazella,1094468793,35.51,32.16,1,111
110,Gazella gazella,1094478627,35.53,32.26,1,112
111,Gazella gazella,84106372,34.619632,31.730279,1,113
112,Gazella gazella,84057878,35.046775,31.851469,1,114
113,Gazella gazella,84132400,34.871642,31.779885999999998,1,115
114,Gazella gazella,48464249,35.516442,32.014413,1,116
115,Gazella gazella,84131439,35.104034000000006,31.663040999999996,1,117
116,Gazella gazella,1094478785,35.65,32.74,1,118
117,Gazella gazella,1094467397,35.12,31.74,1,119
118,Gazella gazella,84058773,35.470553,32.970362,1,120
119,Gazella gazella,84094544,35.156838,31.500734,1,121
120,Gazella gazella,84037109,34.955349,32.059642,1,122
121,Gazella gazella,84131261,35.464599,32.021745,1,123
122,Gazella gazella,1094479624,35.64,33.04,1,124
123,Gazella gazella,1094470654,35.51,32.52,1,125
124,Gazella gazella,84021508,34.704273,31.490747,1,126
125,Gazella gazella,1094471328,34.93,31.62,1,127
126,Gazella gazella,1094468837,35.06,31.56,1,128
127,Gazella gazella,84051800,35.487725,32.988358000000005,1,129
128,Gazella gazella,1094484435,35.09,31.77,1,130
129,Gazella gazella,1094479163,35.66,32.77,1,131
130,Gazella gazella,84017229,35.516381,31.996377000000003,1,132
131,Gazella gazella,84141048,35.580405999999996,33.145902,1,133
132,Gazella gazella,84138596,34.883070000000004,31.527396000000003,1,134
133,Gazella gazella,84144401,35.746145,32.907256,1,135
134,Gazella gazella,84129696,35.700995,32.861458,1,136
135,Gazella gazella,1094480506,34.63,31.75,1,137
136,Gazella gazella,84114028,34.597674,31.699515,1,138
137,Gazella gazella,1094471406,34.69,31.88,1,139
138,Gazella gazella,84053880,35.117938,32.576571,1,140
139,Gazella gazella,84023933,35.679005,32.744324,1,141
140,Gazella gazella,84136072,35.46774,32.377942,1,142
141,Gazella gazella,84025764,35.121883000000004,31.74873,1,143
142,Gazella gazella,84109568,35.114507,31.737001,1,145
143,Gazella gazella,1248683184,34.857711,31.396096000000004,1,146
144,Gazella gazella,1094471101,35.47,33.03,1,147
145,Gazella gazella,84106068,35.129554999999996,31.3952,1,148
146,Gazella gazella,84149792,34.597568,31.715746999999997,1,149
147,Gazella gazella,1094469861,35.43,31.99,1,151
148,Gazella gazella,1094483401,34.89,31.72,1,152
149,Gazella gazella,1094470757,35.03,31.67,1,153
150,Gazella gazella,48464577,35.090245,32.579254,1,154
151,Gazella gazella,84139756,34.873018,31.392087,1,155
152,Gazella gazella,1094477146,35.04,31.71,1,156
153,Gazella gazella,1094471266,35.13,31.81,1,157
154,Gazella gazella,1248683130,35.420778999999996,32.479178000000005,1,158
155,Gazella gazella,48464435,35.314708,31.482658,1,159
156,Gazella gazella,1248682481,35.737387,32.844674,1,160
157,Gazella gazella,84021740,35.177895,31.482702000000003,1,161
158,Gazella gazella,48467104,34.86238,31.426331,1,162
159,Gazella gazella,1094478695,34.96,31.64,1,163
160,Gazella gazella,1094470915,35.16,32.52,1,164
161,Gazella gazella,84058253,35.119772999999995,31.748728000000003,1,165
162,Gazella gazella,84145418,35.153527000000004,31.783016999999997,1,166
163,Gazella gazella,84108781,35.030015999999996,31.773889,1,167
164,Gazella gazella,48456471,35.552592,33.159508,1,168
165,Gazella gazella,1094483738,35.64,32.79,1,169
166,Gazella gazella,84164488,35.040657,31.726105,1,170
167,Gazella gazella,84056222,35.492943,32.947771,1,171
168,Gazella gazella,84104287,35.509909,32.277751,1,172
169,Gazella gazella,48466572,35.639641999999995,32.767911,1,173
170,Gazella gazella,1094468383,34.96,31.88,1,174
171,Gazella gazella,48462453,35.714858,32.856894,1,175
172,Gazella gazella,84092437,34.622842999999996,31.72308,1,176
173,Gazella gazella,84139475,35.756856,32.910816,1,177
174,Gazella gazella,48464732,34.904157,31.518428000000004,1,178
175,Gazella gazella,84163513,35.827171,32.877124,1,179
176,Gazella gazella,84121995,35.696577000000005,33.028284,1,180
177,Gazella gazella,84002943,35.698406,32.972374,1,181
178,Gazella gazella,1094468406,35.17,31.43,1,182
179,Gazella gazella,1094472445,35.02,32.65,1,183
180,Gazella gazella,84094412,35.435,32.457359999999994,1,184
181,Gazella gazella,1094471205,35.63,32.74,1,185
182,Gazella gazella,84163674,35.7285,32.996596000000004,1,186
183,Gazella gazella,84125930,35.636153,32.708411,1,187
184,Gazella gazella,1880649067,35.690382,33.002738,1,188
185,Gazella gazella,84118602,35.442266,31.981207,1,189
186,Gazella gazella,48466476,35.660453000000004,32.872433,1,190
187,Gazella gazella,48462410,35.516472,32.023431,1,191
188,Gazella gazella,1880648903,35.729279999999996,33.15118,1,192
189,Gazella gazella,84137557,35.544199,32.364233,1,193
190,Gazella gazella,84117978,35.553526,32.578821999999995,1,194
191,Gazella gazella,1094478893,35.47,32.99,1,195
192,Gazella gazella,48464558,35.62467,32.987972,1,196
193,Gazella gazella,1094464559,35.33,31.83,1,197
194,Gazella gazella,84145286,34.898875,31.523827,1,198
195,Gazella gazella,84105671,35.270638,31.668474,1,199
196,Gazella gazella,84093073,35.538711,32.316454,1,200
197,Gazella gazella,84093565,34.990259,32.075037,1,201
198,Gazella gazella,1094476225,35.68,32.99,1,202
199,Gazella gazella,1094466930,35.73,33.13,1,203
200,Gazella gazella,84002215,35.704727,32.955217,1,205
201,Gazella gazella,84034895,34.99797,31.942483000000003,1,206
202,Gazella gazella,84161150,35.711612,32.849694,1,207
203,Gazella gazella,84003496,35.730442,32.963227,1,208
204,Gazella gazella,1094469143,35.64,32.76,1,209
205,Gazella gazella,48464624,35.509060999999996,32.970273999999996,1,210
206,Gazella gazella,84130494,35.494991999999996,32.591595,1,211
207,Gazella gazella,84041052,35.368777,32.302362,1,212
208,Gazella gazella,1248680559,34.955749,31.661871,1,213
209,Gazella gazella,1453255919,35.771984,33.113535,1,214
210,Gazella gazella,84137242,35.528073,32.608646,1,215
211,Gazella gazella,1094470395,35.48,32.56,1,216
212,Gazella gazella,84161822,35.528638,33.058588,1,217
213,Gazella gazella,48475090,34.869382,31.527359999999998,1,218
214,Gazella gazella,84149430,35.647068,32.758868,1,219
215,Gazella gazella,1094483820,35.68,32.82,1,220
216,Gazella gazella,84118897,35.530637,33.019811,1,221
217,Gazella gazella,1094467891,35.79,32.92,1,222
218,Gazella gazella,84126599,35.485657,32.33011,1,223
219,Gazella gazella,1094471814,34.87,31.57,1,224
220,Gazella gazella,84150617,35.527059,32.623077,1,225
221,Gazella gazella,1094477804,35.54,32.24,1,226
222,Gazella gazella,1094471853,35.64,33.06,1,227
223,Gazella gazella,1094477543,35.06,32.14,1,228
224,Gazella gazella,1094472031,35.49,32.62,1,229
225,Gazella gazella,84124042,35.475928,32.627705999999996,1,230
226,Gazella gazella,84132017,35.051209,31.726118,1,231
227,Gazella gazella,84107943,35.461234000000005,32.331965999999994,1,232
228,Gazella gazella,84136107,35.059699,31.694563,1,233
229,Gazella gazella,1094471412,35.03,32.64,1,234
230,Gazella gazella,1094474746,35.05,31.68,1,235
231,Gazella gazella,1898801091,35.688742,33.099523,1,236
232,Gazella gazella,84105800,34.609496,31.49936,1,237
233,Gazella gazella,84154096,35.158822,31.748748,1,238
234,Gazella gazella,84163177,35.594555,32.952003000000005,1,239
235,Gazella gazella,84134115,35.486612,32.6367,1,240
236,Gazella gazella,48459630,35.127158,31.751439,1,241
237,Gazella gazella,48466554,35.679173,32.775883,1,242
238,Gazella gazella,1094471572,35.52,32.24,1,243
239,Gazella gazella,84165200,35.474739,32.408857,1,244
240,Gazella gazella,84139992,34.979645,32.084036,1,245
241,Gazella gazella,1248682788,35.420542,32.501993,1,246
242,Gazella gazella,84126154,35.724857,32.739634,1,247
243,Gazella gazella,1703180913,35.748889,33.018521,1,248
244,Gazella gazella,1094483123,35.06,31.84,1,249
245,Gazella gazella,1291101293,35.783854,33.150906,1,250
246,Gazella gazella,1248682248,35.021809000000005,31.788577000000004,1,251
247,Gazella gazella,1248677195,35.017421999999996,32.662375,1,252
248,Gazella gazella,84051801,35.483219,32.916234,1,253
249,Gazella gazella,1094480116,35.77,33.09,1,254
250,Gazella gazella,1094467469,35.11,31.81,1,255
251,Gazella gazella,84059267,35.765453,32.917991,1,257
252,Gazella gazella,48466758,35.658738,32.745301,1,258
253,Gazella gazella,84153144,35.555772,33.150483,1,259
254,Gazella gazella,84058049,35.656613,32.747112,1,260
255,Gazella gazella,1094479324,35.56,32.21,1,261
256,Gazella gazella,1094474296,35.55,32.57,1,262
257,Gazella gazella,84105690,35.327788,31.825353999999997,1,263
258,Gazella gazella,1094479103,34.87,31.39,1,264
259,Gazella gazella,1094472443,34.84,31.51,1,265
260,Gazella gazella,84003286,35.676887,32.949014,1,266
261,Gazella gazella,84109653,35.109209,31.757739,1,267
262,Gazella gazella,84050069,35.00329,31.928063,1,268
263,Gazella gazella,48467446,35.2875,31.656740000000003,1,269
264,Gazella gazella,84059127,34.925171999999996,31.532003999999997,1,270
265,Gazella gazella,84134160,35.517138,32.527519,1,271
266,Gazella gazella,84041481,35.342135,32.237466,1,272
267,Gazella gazella,1094476672,35.71,32.85,1,273
268,Gazella gazella,84002422,35.67261,32.94903,1,274
269,Gazella gazella,1270058226,35.752252,33.105051,1,275
270,Gazella gazella,84110877,35.10815,31.761346000000003,1,276
271,Gazella gazella,48466704,35.512951,32.548269,1,277
272,Gazella gazella,1094467929,35.12,31.71,1,279
273,Gazella gazella,84116344,35.743990999999994,32.904561,1,280
274,Gazella gazella,1094476918,35.69,33.22,1,281
275,Gazella gazella,84094780,35.244347,31.835327000000003,1,283
276,Gazella gazella,1038334013,35.316089,31.907231,1,284
277,Gazella gazella,1094481518,35.75,32.76,1,285
278,Gazella gazella,48461994,35.525302,33.024333,1,286
279,Gazella gazella,1094479642,35.55,32.59,1,287
280,Gazella gazella,48476616,35.022804,31.682792,1,288
281,Gazella gazella,84107542,35.246344,31.577396000000004,1,289
282,Gazella gazella,1094469744,35.51,32.54,1,290
283,Gazella gazella,1094480114,35.07,32.46,1,291
284,Gazella gazella,1094479844,35.53,33.06,1,292
285,Gazella gazella,1094468752,35.46,32.05,1,293
286,Gazella gazella,84109832,34.71428,31.589990000000004,1,294
287,Gazella gazella,1092917129,34.95,31.66,1,295
288,Gazella gazella,84136807,35.702538,32.755053000000004,1,296
289,Gazella gazella,1094468170,35.51,32.33,1,297
290,Gazella gazella,1831091421,35.7059,33.104945,1,298
291,Gazella gazella,1248682589,35.750144,33.087734000000005,1,299
292,Gazella gazella,1248680603,35.040128,31.768359999999998,1,300
293,Gazella gazella,84048241,35.082792,31.780263,1,301
294,Gazella gazella,84107738,35.615694,32.897835,1,302
295,Gazella gazella,84137930,34.892998999999996,31.707793,1,303
296,Gazella gazella,84113995,34.589271000000004,31.694063,1,304
297,Gazella gazella,84123978,35.662234000000005,32.802997,1,305
298,Gazella gazella,1094471502,35.66,32.87,1,306
299,Gazella gazella,48464484,34.634492,31.715916999999997,1,307
300,Gazella gazella,1094469288,35.51,32.59,1,308
301,Gazella gazella,48464587,35.019501,31.753132,1,309
302,Gazella gazella,84107045,35.017749,32.615235999999996,1,310
303,Gazella gazella,48460392,35.164244000000004,31.414154999999997,1,311
304,Gazella gazella,1094467272,35.33,31.89,1,312
305,Gazella gazella,1094484455,35.08,31.76,1,313
306,Gazella gazella,84013892,34.739278000000006,31.858832,1,314
307,Gazella gazella,84002874,35.662009000000005,32.967103,1,315
308,Gazella gazella,1094467849,35.11,31.66,1,316
309,Gazella gazella,84019310,35.137662,31.821788,1,317
310,Gazella gazella,1092916054,35.46,32.96,1,318
311,Gazella gazella,84140025,34.882884000000004,31.581507000000002,1,319
312,Gazella gazella,48464745,35.68074,33.06892,1,320
313,Gazella gazella,84154092,34.702409,31.83795,1,321
314,Gazella gazella,1094467419,35.11,31.73,1,322
315,Gazella gazella,84156185,35.763264,32.909886,1,323
316,Gazella gazella,84042662,35.134456,31.870486,1,324
317,Gazella gazella,84039597,35.484827,32.059577000000004,1,325
318,Gazella gazella,84051064,35.455424,32.916292999999996,1,326
319,Gazella gazella,1094469400,35.12,31.78,1,327
320,Gazella gazella,84146305,35.114465,31.780289,1,328
321,Gazella gazella,84139277,35.758955,32.904495000000004,1,329
322,Gazella gazella,84122689,35.694837,32.712703999999995,1,330
323,Gazella gazella,84119535,35.679676,32.870558,1,331
324,Gazella gazella,84015629,35.317349,31.926368,1,332
325,Gazella gazella,48464750,35.616321,33.033083000000005,1,333
326,Gazella gazella,1094476176,34.88,31.52,1,334
327,Gazella gazella,1094464248,35.14,31.67,1,335
328,Gazella gazella,84047788,35.714814000000004,33.035424,1,336
329,Gazella gazella,84116519,35.744007,32.907266,1,337
330,Gazella gazella,84114049,34.593385,31.548886,1,338
331,Gazella gazella,84144468,35.756817,32.904505,1,339
332,Gazella gazella,84107179,34.939768,31.583441999999998,1,340
333,Gazella gazella,1094477607,35.69,33.02,1,341
334,Gazella gazella,84164909,35.487991,33.07131,1,342
335,Gazella gazella,84164005,35.748404,32.927083,1,343
336,Gazella gazella,1094478334,34.98,32.09,1,344
337,Gazella gazella,84163777,35.699159,32.915566,1,345
338,Gazella gazella,84138762,35.209481,31.72621,1,346
339,Gazella gazella,1094478006,34.98,32.06,1,347
340,Gazella gazella,84005619,35.739184,32.993846000000005,1,348
341,Gazella gazella,84022631,35.134972999999995,32.582894,1,349
342,Gazella gazella,48464674,35.700845,32.834409,1,350
343,Gazella gazella,1094476684,34.88,31.72,1,351
344,Gazella gazella,1094471823,34.78,31.79,1,352
345,Gazella gazella,1248682819,35.416753,32.501034000000004,1,353
346,Gazella gazella,1094469868,35.46,32.06,1,354
347,Gazella gazella,48461996,35.420086,32.447466999999996,1,355
348,Gazella gazella,1094470541,35.64,32.74,1,356
349,Gazella gazella,84041742,35.105844,31.944416999999998,1,357
350,Gazella gazella,48464363,35.808685,32.987217,1,358
351,Gazella gazella,84014152,35.792107,32.907049,1,359
352,Gazella gazella,84165189,35.481439,32.409745,1,360
353,Gazella gazella,84093351,34.883218,31.484106,1,361
354,Gazella gazella,84125998,35.618035,32.711178000000004,1,362
355,Gazella gazella,84028620,35.463648,32.059622,1,363
356,Gazella gazella,84137213,35.641927,32.798561,1,364
357,Gazella gazella,84118315,35.516298,32.592445,1,365
358,Gazella gazella,84053915,35.114837,31.392484000000003,1,366
359,Gazella gazella,84160475,35.550378,33.141481,1,367
360,Gazella gazella,84059019,35.760052,32.908999,1,368
361,Gazella gazella,48464718,35.692295,33.222153000000006,1,369
362,Gazella gazella,84108881,34.723185,31.905666999999998,1,370
363,Gazella gazella,48467042,34.610594,31.49215,1,371
364,Gazella gazella,1094478629,34.76,31.99,1,372
365,Gazella gazella,84113948,34.613393,31.715821000000002,1,373
366,Gazella gazella,1094481382,35.72,32.74,1,374
367,Gazella gazella,84164558,35.482306,31.926115000000003,1,375
368,Gazella gazella,84034758,35.047133,31.640437,1,376
369,Gazella gazella,1094472101,34.93,31.57,1,377
370,Gazella gazella,84153638,34.59751,31.724765,1,378
371,Gazella gazella,1094468794,35.34,31.55,1,379
372,Gazella gazella,84109792,35.148253000000004,31.773996,1,380
373,Gazella gazella,1094481423,35.67,33.19,1,381
374,Gazella gazella,84104121,35.186211,32.012992,1,382
375,Gazella gazella,84041109,34.89094,31.692456,1,383
376,Gazella gazella,1094483841,35.39,32.99,1,384
377,Gazella gazella,48475257,35.742426,32.822515,1,385
378,Gazella gazella,84109725,34.675897,31.855878999999998,1,386
379,Gazella gazella,48466887,35.465324,32.645763,1,387
380,Gazella gazella,1094481230,35.67,32.74,1,388
381,Gazella gazella,1265908028,35.601261,33.13848,1,389
382,Gazella gazella,1094472686,35.46,32.37,1,390
383,Gazella gazella,1094475438,35.49,32.59,1,391
384,Gazella gazella,84151101,35.488043,33.087540000000004,1,392
385,Gazella gazella,84164637,35.112313,31.820871,1,393
386,Gazella gazella,1094481112,35.03,31.72,1,394
387,Gazella gazella,1453486446,34.828808,32.09325,1,395
388,Gazella gazella,1094473873,35.06,31.81,1,396
389,Gazella gazella,84038947,35.095543,31.710832,1,397
390,Gazella gazella,1248683029,35.432605,32.461092,1,398
391,Gazella gazella,1094478594,35.22,31.99,1,399
392,Gazella gazella,84146324,35.019549,31.728782,1,400
393,Gazella gazella,48458091,35.33647,31.987674,1,401
394,Gazella gazella,48463013,35.68336,32.760538000000004,1,402
395,Gazella gazella,1094483716,35.68,32.93,1,403
396,Gazella gazella,84019348,35.106035,31.764952,1,404
397,Gazella gazella,1094467609,35.15,31.75,1,405
398,Gazella gazella,84144293,35.756867,32.912619,1,406
399,Gazella gazella,84140854,35.5322,32.571665,1,407
400,Gazella gazella,84103631,34.625295,31.497628000000002,1,408
401,Gazella gazella,84034281,35.081752,31.768538,1,409
402,Gazella gazella,1094474193,35.08,32.62,1,410
403,Gazella gazella,1094472641,35.52,32.58,1,411
404,Gazella gazella,84141548,35.748298999999996,32.909952000000004,1,412
405,Gazella gazella,1094484557,35.53,32.35,1,414
406,Gazella gazella,1094479763,34.62,31.74,1,415
407,Gazella gazella,1094474725,35.09,32.57,1,416
408,Gazella gazella,1094468711,35.48,32.32,1,417
409,Gazella gazella,84038716,35.138651,31.91558,1,418
410,Gazella gazella,84123360,35.663325,32.807501,1,419
411,Gazella gazella,84122113,35.648614,33.069038,1,420
412,Gazella gazella,1094472556,34.82,31.68,1,421
413,Gazella gazella,1883943674,35.650157,33.167084,1,422
414,Gazella gazella,84147737,35.462865,31.780059,1,423
415,Gazella gazella,84146179,34.992504,32.02003,1,424
416,Gazella gazella,84163899,35.701398,32.933591,1,425
417,Gazella gazella,84146113,35.154582,31.783919,1,426
418,Gazella gazella,48463856,35.550397,32.595963,1,427
419,Gazella gazella,84107534,34.622690000000006,31.747428000000003,1,428
420,Gazella gazella,84153229,35.523713,32.580704,1,429
421,Gazella gazella,1094467751,34.72,31.91,1,430
422,Gazella gazella,84148834,35.007938,31.730567999999998,1,431
423,Gazella gazella,48462544,35.659952000000004,32.774151,1,432
424,Gazella gazella,1248682433,35.582390000000004,32.92394,1,433
425,Gazella gazella,84115062,35.484367999999996,32.600636,1,434
426,Gazella gazella,1094471210,35.67,33.14,1,435
427,Gazella gazella,1094480561,35.67,32.77,1,436
428,Gazella gazella,1094483104,35.08,31.77,1,437
429,Gazella gazella,1094475354,35.09,32.55,1,438
430,Gazella gazella,84060060,35.476805,32.916247999999996,1,439
431,Gazella gazella,1562965999,35.755169,32.973039,1,440
432,Gazella gazella,84131572,35.480319,32.321104,1,441
433,Gazella gazella,1094483932,35.12,31.75,1,442
434,Gazella gazella,84122499,35.684849,32.838978999999995,1,443
435,Gazella gazella,84059571,35.099852,32.560326,1,444
436,Gazella gazella,84140473,35.719996,32.821708,1,445
437,Gazella gazella,84109217,35.125046000000005,31.753241,1,446
438,Gazella gazella,84153059,35.6621,32.776848,1,447
439,Gazella gazella,1094475364,34.62,31.72,1,448
440,Gazella gazella,48463796,35.652029999999996,32.68401,1,450
441,Gazella gazella,84080801,35.470566,32.97487,1,451
442,Gazella gazella,1094468194,35.79,32.81,1,452
443,Gazella gazella,84035167,35.057032,32.045373,1,453
444,Gazella gazella,84147229,35.088097,31.759526,1,454
445,Gazella gazella,48456689,35.299018,31.57827,1,455
446,Gazella gazella,48464004,35.546034000000006,32.568923,1,456
447,Gazella gazella,48463865,35.549999,32.212720000000004,1,457
448,Gazella gazella,84124015,35.690238,32.847975,1,458
449,Gazella gazella,1094478604,35.39,32.06,1,459
450,Gazella gazella,1094474659,35.54,32.36,1,460
451,Gazella gazella,1092918147,35.03,31.76,1,461
452,Gazella gazella,1094480500,35.72,32.82,1,462
453,Gazella gazella,84054064,34.798703,31.558721000000002,1,463
454,Gazella gazella,1094481418,35.09,31.83,1,464
455,Gazella gazella,1094478896,35.55,33.14,1,465
456,Gazella gazella,84132099,35.103947999999995,31.742403999999997,1,466
457,Gazella gazella,1094476817,35.68,32.76,1,467
458,Gazella gazella,1094480118,35.79,33.11,1,468
459,Gazella gazella,84110182,34.923619,31.698845000000002,1,469
460,Gazella gazella,84050442,34.712662,31.896608,1,470
461,Gazella gazella,1094477360,35.68,32.87,1,471
462,Gazella gazella,84048607,35.111298,31.780287,1,472
463,Gazella gazella,1094469955,35.05,31.69,1,474
464,Gazella gazella,84103365,34.605257,31.503849,1,475
465,Gazella gazella,1094474716,35.48,32.33,1,476
466,Gazella gazella,84035625,35.137781,31.655848,1,477
467,Gazella gazella,84107588,35.543964,32.301109999999994,1,478
468,Gazella gazella,1094482937,35.27,31.61,1,479
469,Gazella gazella,1094483413,34.93,31.55,1,480
470,Gazella gazella,84107870,35.534203999999995,32.537394,1,481
471,Gazella gazella,48464773,35.675031,32.800244,1,482
472,Gazella gazella,1453382792,35.660212,33.185365999999995,1,483
473,Gazella gazella,84094864,35.329938,31.852407,1,484
474,Gazella_gazella,no_id,26.624999999999993,26.95833333333334,0,485
475,Gazella_gazella,no_id,38.624999999999986,31.875000000000004,0,486
476,Gazella_gazella,no_id,30.708333333333325,24.125000000000004,0,487
477,Gazella_gazella,no_id,29.708333333333325,25.875000000000004,0,488
478,Gazella_gazella,no_id,35.45833333333332,38.95833333333334,0,489
479,Gazella_gazella,no_id,30.208333333333325,39.37500000000001,0,490
480,Gazella_gazella,no_id,42.95833333333332,35.20833333333334,0,491
481,Gazella_gazella,no_id,42.54166666666665,40.04166666666667,0,492
482,Gazella_gazella,no_id,36.79166666666665,32.04166666666668,0,493
483,Gazella_gazella,no_id,39.20833333333332,28.29166666666667,0,494
484,Gazella_gazella,no_id,33.95833333333332,36.37500000000001,0,495
485,Gazella_gazella,no_id,39.95833333333332,35.95833333333334,0,496
486,Gazella_gazella,no_id,32.124999999999986,39.54166666666667,0,497
487,Gazella_gazella,no_id,40.374999999999986,40.29166666666667,0,498
488,Gazella_gazella,no_id,25.958333333333325,30.54166666666667,0,499
489,Gazella_gazella,no_id,31.37499999999999,29.70833333333334,0,500
490,Gazella_gazella,no_id,39.79166666666665,32.20833333333334,0,501
491,Gazella_gazella,no_id,35.124999999999986,23.54166666666667,0,502
492,Gazella_gazella,no_id,33.20833333333332,26.875000000000004,0,503
493,Gazella_gazella,no_id,36.29166666666665,36.87500000000001,0,504
494,Gazella_gazella,no_id,32.70833333333332,27.375000000000004,0,505
495,Gazella_gazella,no_id,28.041666666666657,27.29166666666667,0,506
496,Gazella_gazella,no_id,35.374999999999986,30.20833333333334,0,507
497,Gazella_gazella,no_id,38.29166666666665,28.20833333333334,0,508
498,Gazella_gazella,no_id,41.70833333333332,39.54166666666667,0,509
499,Gazella_gazella,no_id,32.54166666666665,38.87500000000001,0,510
500,Gazella_gazella,no_id,33.20833333333332,24.04166666666667,0,511
501,Gazella_gazella,no_id,29.458333333333325,29.125000000000004,0,512
502,Gazella_gazella,no_id,44.79166666666665,34.87500000000001,0,513
503,Gazella_gazella,no_id,34.374999999999986,24.375000000000004,0,514
504,Gazella_gazella,no_id,31.458333333333325,26.79166666666667,0,515
505,Gazella_gazella,no_id,38.79166666666665,36.54166666666667,0,516
506,Gazella_gazella,no_id,36.79166666666665,38.62500000000001,0,517
507,Gazella_gazella,no_id,44.874999999999986,30.20833333333334,0,518
508,Gazella_gazella,no_id,34.124999999999986,40.04166666666667,0,519
509,Gazella_gazella,no_id,30.708333333333325,31.04166666666667,0,520
510,Gazella_gazella,no_id,43.54166666666665,37.04166666666667,0,521
511,Gazella_gazella,no_id,40.874999999999986,40.62500000000001,0,522
512,Gazella_gazella,no_id,25.791666666666657,29.04166666666667,0,523
513,Gazella_gazella,no_id,40.20833333333332,29.875000000000004,0,524
514,Gazella_gazella,no_id,33.374999999999986,24.375000000000004,0,525
515,Gazella_gazella,no_id,31.708333333333325,38.95833333333334,0,526
516,Gazella_gazella,no_id,26.874999999999993,25.625000000000004,0,527
517,Gazella_gazella,no_id,33.874999999999986,29.95833333333334,0,528
518,Gazella_gazella,no_id,27.041666666666657,25.95833333333334,0,529
519,Gazella_gazella,no_id,36.29166666666665,37.54166666666667,0,530
520,Gazella_gazella,no_id,27.874999999999993,26.04166666666667,0,531
521,Gazella_gazella,no_id,36.20833333333332,26.95833333333334,0,532
522,Gazella_gazella,no_id,39.374999999999986,31.125000000000004,0,533
523,Gazella_gazella,no_id,42.624999999999986,29.125000000000004,0,534
524,Gazella_gazella,no_id,37.45833333333332,34.45833333333334,0,535
525,Gazella_gazella,no_id,38.874999999999986,34.29166666666667,0,536
526,Gazella_gazella,no_id,31.708333333333325,26.54166666666667,0,537
527,Gazella_gazella,no_id,40.95833333333332,26.79166666666667,0,538
528,Gazella_gazella,no_id,34.374999999999986,39.54166666666667,0,539
529,Gazella_gazella,no_id,38.29166666666665,35.12500000000001,0,540
530,Gazella_gazella,no_id,43.29166666666665,33.54166666666668,0,541
531,Gazella_gazella,no_id,35.874999999999986,31.375000000000004,0,542
532,Gazella_gazella,no_id,38.54166666666665,30.625000000000004,0,543
533,Gazella_gazella,no_id,41.79166666666665,29.54166666666667,0,544
534,Gazella_gazella,no_id,42.95833333333332,31.95833333333334,0,545
535,Gazella_gazella,no_id,31.291666666666657,38.87500000000001,0,546
536,Gazella_gazella,no_id,27.708333333333325,30.70833333333334,0,547
537,Gazella_gazella,no_id,32.124999999999986,29.95833333333334,0,548
538,Gazella_gazella,no_id,38.54166666666665,27.375000000000004,0,549
539,Gazella_gazella,no_id,25.708333333333325,29.29166666666667,0,550
540,Gazella_gazella,no_id,28.87499999999999,24.375000000000004,0,551
541,Gazella_gazella,no_id,41.624999999999986,34.54166666666667,0,552
542,Gazella_gazella,no_id,35.79166666666665,38.20833333333334,0,553
543,Gazella_gazella,no_id,29.291666666666657,28.70833333333334,0,554
544,Gazella_gazella,no_id,45.124999999999986,37.29166666666667,0,555
545,Gazella_gazella,no_id,37.374999999999986,31.45833333333334,0,556
546,Gazella_gazella,no_id,27.624999999999993,25.875000000000004,0,557
547,Gazella_gazella,no_id,39.374999999999986,34.87500000000001,0,558
548,Gazella_gazella,no_id,30.12499999999999,39.54166666666667,0,559
549,Gazella_gazella,no_id,30.37499999999999,23.70833333333334,0,560
550,Gazella_gazella,no_id,42.874999999999986,26.79166666666667,0,561
551,Gazella_gazella,no_id,42.374999999999986,29.125000000000004,0,562
552,Gazella_gazella,no_id,42.29166666666665,39.54166666666667,0,563
553,Gazella_gazella,no_id,39.04166666666665,34.12500000000001,0,564
554,Gazella_gazella,no_id,42.874999999999986,37.62500000000001,0,565
555,Gazella_gazella,no_id,34.624999999999986,40.04166666666667,0,566
556,Gazella_gazella,no_id,38.624999999999986,30.29166666666667,0,567
557,Gazella_gazella,no_id,33.29166666666665,25.54166666666667,0,568
558,Gazella_gazella,no_id,43.874999999999986,39.12500000000001,0,569
559,Gazella_gazella,no_id,45.70833333333332,35.12500000000001,0,570
560,Gazella_gazella,no_id,44.54166666666665,30.54166666666667,0,571
561,Gazella_gazella,no_id,34.04166666666665,30.70833333333334,0,572
562,Gazella_gazella,no_id,31.541666666666657,30.95833333333334,0,573
563,Gazella_gazella,no_id,26.624999999999993,28.125000000000004,0,574
564,Gazella_gazella,no_id,37.04166666666665,30.125000000000004,0,575
565,Gazella_gazella,no_id,36.624999999999986,39.79166666666667,0,576
566,Gazella_gazella,no_id,37.54166666666665,25.04166666666667,0,577
567,Gazella_gazella,no_id,37.95833333333332,29.45833333333334,0,578
568,Gazella_gazella,no_id,37.70833333333332,29.45833333333334,0,579
569,Gazella_gazella,no_id,26.041666666666657,28.375000000000004,0,580
570,Gazella_gazella,no_id,37.29166666666665,26.20833333333334,0,581
571,Gazella_gazella,no_id,33.29166666666665,29.45833333333334,0,582
572,Gazella_gazella,no_id,34.04166666666665,39.37500000000001,0,583
573,Gazella_gazella,no_id,25.874999999999993,30.54166666666667,0,584
574,Gazella_gazella,no_id,32.79166666666665,30.29166666666667,0,585
575,Gazella_gazella,no_id,44.874999999999986,34.04166666666667,0,586
576,Gazella_gazella,no_id,24.958333333333325,31.625000000000004,0,587
577,Gazella_gazella,no_id,42.29166666666665,30.20833333333334,0,588
578,Gazella_gazella,no_id,31.37499999999999,30.29166666666667,0,589
579,Gazella_gazella,no_id,38.70833333333332,28.45833333333334,0,590
580,Gazella_gazella,no_id,33.874999999999986,39.37500000000001,0,591
581,Gazella_gazella,no_id,45.29166666666665,37.54166666666667,0,592
582,Gazella_gazella,no_id,43.79166666666665,36.62500000000001,0,593
583,Gazella_gazella,no_id,40.124999999999986,38.62500000000001,0,594
584,Gazella_gazella,no_id,39.20833333333332,40.79166666666667,0,595
585,Gazella_gazella,no_id,40.20833333333332,25.20833333333334,0,596
586,Gazella_gazella,no_id,29.041666666666657,24.875000000000004,0,597
587,Gazella_gazella,no_id,25.208333333333325,28.375000000000004,0,598
588,Gazella_gazella,no_id,31.291666666666657,29.54166666666667,0,599
589,Gazella_gazella,no_id,39.874999999999986,29.20833333333334,0,600
590,Gazella_gazella,no_id,40.20833333333332,31.95833333333334,0,601
591,Gazella_gazella,no_id,38.374999999999986,28.375000000000004,0,602
592,Gazella_gazella,no_id,38.20833333333332,33.79166666666667,0,603
593,Gazella_gazella,no_id,29.541666666666657,30.375000000000004,0,604
594,Gazella_gazella,no_id,38.54166666666665,28.875000000000004,0,605
595,Gazella_gazella,no_id,37.54166666666665,37.29166666666667,0,606
596,Gazella_gazella,no_id,31.708333333333325,27.20833333333334,0,607
597,Gazella_gazella,no_id,38.45833333333332,36.95833333333334,0,608
598,Gazella_gazella,no_id,39.29166666666665,33.12500000000001,0,609
599,Gazella_gazella,no_id,45.79166666666665,34.20833333333334,0,610
600,Gazella_gazella,no_id,33.374999999999986,29.79166666666667,0,611
601,Gazella_gazella,no_id,38.04166666666665,34.29166666666667,0,612
602,Gazella_gazella,no_id,26.874999999999993,30.875000000000004,0,613
603,Gazella_gazella,no_id,40.04166666666665,37.45833333333334,0,614
604,Gazella_gazella,no_id,30.291666666666657,36.37500000000001,0,615
605,Gazella_gazella,no_id,30.87499999999999,38.87500000000001,0,616
606,Gazella_gazella,no_id,44.874999999999986,30.875000000000004,0,617
607,Gazella_gazella,no_id,42.374999999999986,28.79166666666667,0,618
608,Gazella_gazella,no_id,30.458333333333325,37.45833333333334,0,619
609,Gazella_gazella,no_id,38.20833333333332,37.29166666666667,0,620
610,Gazella_gazella,no_id,38.95833333333332,35.37500000000001,0,621
611,Gazella_gazella,no_id,31.208333333333325,39.20833333333334,0,622
612,Gazella_gazella,no_id,36.04166666666665,41.29166666666667,0,623
613,Gazella_gazella,no_id,33.04166666666665,26.375000000000004,0,624
614,Gazella_gazella,no_id,41.124999999999986,32.54166666666668,0,625
615,Gazella_gazella,no_id,27.291666666666657,26.20833333333334,0,626
616,Gazella_gazella,no_id,42.374999999999986,40.20833333333334,0,627
617,Gazella_gazella,no_id,40.874999999999986,37.04166666666667,0,628
618,Gazella_gazella,no_id,39.45833333333332,38.70833333333334,0,629
619,Gazella_gazella,no_id,37.95833333333332,32.45833333333334,0,630
620,Gazella_gazella,no_id,41.04166666666665,38.20833333333334,0,631
621,Gazella_gazella,no_id,30.87499999999999,25.70833333333334,0,632
622,Gazella_gazella,no_id,42.04166666666665,32.79166666666668,0,633
623,Gazella_gazella,no_id,36.70833333333332,32.37500000000001,0,634
624,Gazella_gazella,no_id,32.45833333333332,40.20833333333334,0,635
625,Gazella_gazella,no_id,40.374999999999986,26.79166666666667,0,636
626,Gazella_gazella,no_id,42.20833333333332,30.54166666666667,0,637
627,Gazella_gazella,no_id,35.95833333333332,33.95833333333334,0,638
628,Gazella_gazella,no_id,29.208333333333325,25.45833333333334,0,639
629,Gazella_gazella,no_id,38.124999999999986,31.29166666666667,0,640
630,Gazella_gazella,no_id,26.958333333333325,31.20833333333334,0,641
631,Gazella_gazella,no_id,37.95833333333332,40.87500000000001,0,642
632,Gazella_gazella,no_id,40.45833333333332,28.375000000000004,0,643
633,Gazella_gazella,no_id,32.29166666666666,39.54166666666667,0,644
634,Gazella_gazella,no_id,32.04166666666666,29.45833333333334,0,645
635,Gazella_gazella,no_id,33.374999999999986,26.375000000000004,0,646
636,Gazella_gazella,no_id,30.541666666666657,37.79166666666667,0,647
637,Gazella_gazella,no_id,40.79166666666665,30.45833333333334,0,648
638,Gazella_gazella,no_id,38.624999999999986,36.62500000000001,0,649
639,Gazella_gazella,no_id,30.208333333333325,28.625000000000004,0,650
640,Gazella_gazella,no_id,38.624999999999986,39.37500000000001,0,651
641,Gazella_gazella,no_id,25.541666666666657,30.29166666666667,0,652
642,Gazella_gazella,no_id,28.62499999999999,26.375000000000004,0,653
643,Gazella_gazella,no_id,40.79166666666665,29.70833333333334,0,654
644,Gazella_gazella,no_id,30.62499999999999,29.79166666666667,0,655
645,Gazella_gazella,no_id,44.54166666666665,30.375000000000004,0,656
646,Gazella_gazella,no_id,40.95833333333332,37.79166666666667,0,657
647,Gazella_gazella,no_id,31.208333333333325,25.625000000000004,0,658
648,Gazella_gazella,no_id,25.374999999999993,29.375000000000004,0,659
649,Gazella_gazella,no_id,32.95833333333332,26.04166666666667,0,660
650,Gazella_gazella,no_id,39.95833333333332,26.125000000000004,0,661
651,Gazella_gazella,no_id,24.874999999999993,30.79166666666667,0,662
652,Gazella_gazella,no_id,40.04166666666665,39.79166666666667,0,663
653,Gazella_gazella,no_id,42.70833333333332,36.20833333333334,0,664
654,Gazella_gazella,no_id,32.54166666666665,28.125000000000004,0,665
655,Gazella_gazella,no_id,43.79166666666665,36.12500000000001,0,666
656,Gazella_gazella,no_id,36.79166666666665,31.20833333333334,0,667
657,Gazella_gazella,no_id,33.874999999999986,40.70833333333334,0,668
658,Gazella_gazella,no_id,33.124999999999986,24.375000000000004,0,669
659,Gazella_gazella,no_id,40.124999999999986,33.87500000000001,0,670
660,Gazella_gazella,no_id,39.79166666666665,38.12500000000001,0,671
661,Gazella_gazella,no_id,29.208333333333325,36.54166666666667,0,672
662,Gazella_gazella,no_id,28.708333333333325,37.37500000000001,0,673
663,Gazella_gazella,no_id,45.45833333333332,31.20833333333334,0,674
664,Gazella_gazella,no_id,35.45833333333332,27.95833333333334,0,675
665,Gazella_gazella,no_id,39.79166666666665,38.37500000000001,0,676
666,Gazella_gazella,no_id,36.124999999999986,39.95833333333334,0,677
667,Gazella_gazella,no_id,43.79166666666665,28.45833333333334,0,678
668,Gazella_gazella,no_id,35.20833333333332,38.04166666666667,0,679
669,Gazella_gazella,no_id,37.54166666666665,40.45833333333334,0,680
670,Gazella_gazella,no_id,30.708333333333325,25.125000000000004,0,681
671,Gazella_gazella,no_id,40.95833333333332,40.79166666666667,0,682
672,Gazella_gazella,no_id,39.29166666666665,29.625000000000004,0,683
673,Gazella_gazella,no_id,40.374999999999986,25.04166666666667,0,684
674,Gazella_gazella,no_id,40.20833333333332,38.79166666666667,0,685
675,Gazella_gazella,no_id,29.041666666666657,37.04166666666667,0,686
676,Gazella_gazella,no_id,41.20833333333332,26.04166666666667,0,687
677,Gazella_gazella,no_id,42.374999999999986,31.04166666666667,0,688
678,Gazella_gazella,no_id,43.124999999999986,37.37500000000001,0,689
679,Gazella_gazella,no_id,40.124999999999986,30.95833333333334,0,690
680,Gazella_gazella,no_id,42.04166666666665,39.54166666666667,0,691
681,Gazella_gazella,no_id,31.958333333333325,27.29166666666667,0,692
682,Gazella_gazella,no_id,30.958333333333325,24.20833333333334,0,693
683,Gazella_gazella,no_id,32.374999999999986,40.04166666666667,0,694
684,Gazella_gazella,no_id,37.79166666666665,24.45833333333334,0,695
685,Gazella_gazella,no_id,43.45833333333332,28.79166666666667,0,696
686,Gazella_gazella,no_id,45.624999999999986,32.87500000000001,0,697
687,Gazella_gazella,no_id,28.041666666666657,30.125000000000004,0,698
688,Gazella_gazella,no_id,35.29166666666665,30.04166666666667,0,699
689,Gazella_gazella,no_id,37.04166666666665,28.625000000000004,0,700
690,Gazella_gazella,no_id,25.458333333333325,29.95833333333334,0,701
691,Gazella_gazella,no_id,28.958333333333325,38.95833333333334,0,702
692,Gazella_gazella,no_id,26.458333333333325,30.45833333333334,0,703
693,Gazella_gazella,no_id,37.04166666666665,25.95833333333334,0,704
694,Gazella_gazella,no_id,40.45833333333332,27.70833333333334,0,705
695,Gazella_gazella,no_id,36.29166666666665,35.04166666666667,0,706
696,Gazella_gazella,no_id,42.79166666666665,37.54166666666667,0,707
697,Gazella_gazella,no_id,29.208333333333325,36.70833333333334,0,708
698,Gazella_gazella,no_id,43.374999999999986,29.04166666666667,0,709
699,Gazella_gazella,no_id,37.79166666666665,35.37500000000001,0,710
700,Gazella_gazella,no_id,33.45833333333332,39.62500000000001,0,711
701,Gazella_gazella,no_id,28.791666666666657,25.625000000000004,0,712
702,Gazella_gazella,no_id,38.79166666666665,39.45833333333334,0,713
703,Gazella_gazella,no_id,34.54166666666665,41.20833333333334,0,714
704,Gazella_gazella,no_id,32.04166666666666,37.79166666666667,0,715
705,Gazella_gazella,no_id,32.54166666666665,40.70833333333334,0,716
706,Gazella_gazella,no_id,27.541666666666657,27.625000000000004,0,717
707,Gazella_gazella,no_id,45.29166666666665,35.20833333333334,0,718
708,Gazella_gazella,no_id,44.874999999999986,30.54166666666667,0,719
709,Gazella_gazella,no_id,41.79166666666665,40.54166666666667,0,720
710,Gazella_gazella,no_id,32.374999999999986,28.29166666666667,0,721
711,Gazella_gazella,no_id,41.04166666666665,32.20833333333334,0,722
712,Gazella_gazella,no_id,29.791666666666657,28.625000000000004,0,723
713,Gazella_gazella,no_id,35.45833333333332,37.04166666666667,0,724
714,Gazella_gazella,no_id,41.20833333333332,40.12500000000001,0,725
715,Gazella_gazella,no_id,43.124999999999986,39.37500000000001,0,726
716,Gazella_gazella,no_id,35.54166666666665,30.95833333333334,0,727
717,Gazella_gazella,no_id,36.04166666666665,35.95833333333334,0,728
718,Gazella_gazella,no_id,25.791666666666657,28.95833333333334,0,729
719,Gazella_gazella,no_id,39.95833333333332,34.54166666666667,0,730
720,Gazella_gazella,no_id,41.624999999999986,37.62500000000001,0,731
721,Gazella_gazella,no_id,30.041666666666657,30.125000000000004,0,732
722,Gazella_gazella,no_id,28.041666666666657,25.79166666666667,0,733
723,Gazella_gazella,no_id,41.29166666666665,30.20833333333334,0,734
724,Gazella_gazella,no_id,45.95833333333332,34.70833333333334,0,735
725,Gazella_gazella,no_id,29.958333333333325,39.20833333333334,0,736
726,Gazella_gazella,no_id,28.374999999999993,27.70833333333334,0,737
727,Gazella_gazella,no_id,35.95833333333332,29.70833333333334,0,738
728,Gazella_gazella,no_id,42.124999999999986,31.70833333333334,0,739
729,Gazella_gazella,no_id,37.54166666666665,35.87500000000001,0,740
730,Gazella_gazella,no_id,35.04166666666665,24.04166666666667,0,741
731,Gazella_gazella,no_id,28.458333333333325,30.79166666666667,0,742
732,Gazella_gazella,no_id,27.208333333333325,29.45833333333334,0,743
733,Gazella_gazella,no_id,40.20833333333332,28.875000000000004,0,744
734,Gazella_gazella,no_id,37.70833333333332,30.79166666666667,0,745
735,Gazella_gazella,no_id,42.45833333333332,31.29166666666667,0,746
736,Gazella_gazella,no_id,42.20833333333332,36.45833333333334,0,747
737,Gazella_gazella,no_id,36.54166666666665,39.62500000000001,0,748
738,Gazella_gazella,no_id,31.458333333333325,37.12500000000001,0,749
739,Gazella_gazella,no_id,41.04166666666665,32.79166666666668,0,750
740,Gazella_gazella,no_id,30.041666666666657,28.125000000000004,0,751
741,Gazella_gazella,no_id,41.20833333333332,25.625000000000004,0,752
742,Gazella_gazella,no_id,32.79166666666665,37.37500000000001,0,753
743,Gazella_gazella,no_id,36.20833333333332,31.125000000000004,0,754
744,Gazella_gazella,no_id,39.79166666666665,31.29166666666667,0,755
745,Gazella_gazella,no_id,30.041666666666657,39.45833333333334,0,756
746,Gazella_gazella,no_id,32.70833333333332,25.375000000000004,0,757
747,Gazella_gazella,no_id,36.20833333333332,28.04166666666667,0,758
748,Gazella_gazella,no_id,37.124999999999986,30.45833333333334,0,759
749,Gazella_gazella,no_id,31.62499999999999,31.04166666666667,0,760
750,Gazella_gazella,no_id,31.958333333333325,26.70833333333334,0,761
751,Gazella_gazella,no_id,37.374999999999986,36.62500000000001,0,762
752,Gazella_gazella,no_id,37.95833333333332,27.20833333333334,0,763
753,Gazella_gazella,no_id,36.374999999999986,35.37500000000001,0,764
754,Gazella_gazella,no_id,29.87499999999999,36.70833333333334,0,765
755,Gazella_gazella,no_id,30.791666666666657,28.625000000000004,0,766
756,Gazella_gazella,no_id,41.54166666666665,32.29166666666668,0,767
757,Gazella_gazella,no_id,36.29166666666665,28.125000000000004,0,768
758,Gazella_gazella,no_id,44.624999999999986,38.12500000000001,0,769
759,Gazella_gazella,no_id,38.95833333333332,35.79166666666667,0,770
760,Gazella_gazella,no_id,38.624999999999986,33.04166666666668,0,771
761,Gazella_gazella,no_id,43.45833333333332,34.20833333333334,0,772
762,Gazella_gazella,no_id,37.874999999999986,28.95833333333334,0,773
763,Gazella_gazella,no_id,39.29166666666665,39.45833333333334,0,774
764,Gazella_gazella,no_id,40.70833333333332,39.95833333333334,0,775
765,Gazella_gazella,no_id,44.95833333333332,31.29166666666667,0,776
766,Gazella_gazella,no_id,44.20833333333332,30.375000000000004,0,777
767,Gazella_gazella,no_id,27.958333333333325,26.54166666666667,0,778
768,Gazella_gazella,no_id,30.041666666666657,36.62500000000001,0,779
769,Gazella_gazella,no_id,38.374999999999986,31.875000000000004,0,780
770,Gazella_gazella,no_id,43.874999999999986,37.87500000000001,0,781
771,Gazella_gazella,no_id,39.20833333333332,38.95833333333334,0,782
772,Gazella_gazella,no_id,36.54166666666665,32.45833333333334,0,783
773,Gazella_gazella,no_id,35.29166666666665,40.70833333333334,0,784
774,Gazella_gazella,no_id,40.95833333333332,32.62500000000001,0,785
775,Gazella_gazella,no_id,44.624999999999986,33.12500000000001,0,786
776,Gazella_gazella,no_id,37.04166666666665,27.375000000000004,0,787
777,Gazella_gazella,no_id,41.874999999999986,27.125000000000004,0,788
778,Gazella_gazella,no_id,35.874999999999986,31.20833333333334,0,789
779,Gazella_gazella,no_id,26.291666666666657,31.20833333333334,0,790
780,Gazella_gazella,no_id,33.124999999999986,30.29166666666667,0,791
781,Gazella_gazella,no_id,36.374999999999986,39.62500000000001,0,792
782,Gazella_gazella,no_id,43.04166666666665,35.70833333333334,0,793
783,Gazella_gazella,no_id,42.29166666666665,30.45833333333334,0,794
784,Gazella_gazella,no_id,31.458333333333325,40.04166666666667,0,795
785,Gazella_gazella,no_id,30.708333333333325,23.625000000000004,0,796
786,Gazella_gazella,no_id,44.29166666666665,37.20833333333334,0,797
787,Gazella_gazella,no_id,37.95833333333332,28.54166666666667,0,798
788,Gazella_gazella,no_id,38.874999999999986,32.79166666666668,0,799
789,Gazella_gazella,no_id,34.54166666666665,30.54166666666667,0,800
790,Gazella_gazella,no_id,30.37499999999999,28.79166666666667,0,801
791,Gazella_gazella,no_id,44.124999999999986,38.87500000000001,0,802
792,Gazella_gazella,no_id,40.374999999999986,31.625000000000004,0,803
793,Gazella_gazella,no_id,34.124999999999986,30.54166666666667,0,804
794,Gazella_gazella,no_id,41.54166666666665,25.70833333333334,0,805
795,Gazella_gazella,no_id,29.291666666666657,29.375000000000004,0,806
796,Gazella_gazella,no_id,31.62499999999999,27.875000000000004,0,807
797,Gazella_gazella,no_id,41.54166666666665,37.45833333333334,0,808
798,Gazella_gazella,no_id,39.624999999999986,24.375000000000004,0,809
799,Gazella_gazella,no_id,37.70833333333332,31.95833333333334,0,810
800,Gazella_gazella,no_id,38.04166666666665,28.20833333333334,0,811
801,Gazella_gazella,no_id,37.54166666666665,37.45833333333334,0,812
802,Gazella_gazella,no_id,30.208333333333325,26.04166666666667,0,813
803,Gazella_gazella,no_id,27.374999999999993,25.29166666666667,0,814
804,Gazella_gazella,no_id,38.95833333333332,40.95833333333334,0,815
805,Gazella_gazella,no_id,38.624999999999986,32.95833333333334,0,816
806,Gazella_gazella,no_id,34.70833333333332,23.79166666666667,0,817
807,Gazella_gazella,no_id,43.95833333333332,35.95833333333334,0,818
808,Gazella_gazella,no_id,39.79166666666665,25.45833333333334,0,819
809,Gazella_gazella,no_id,36.95833333333332,33.95833333333334,0,820
810,Gazella_gazella,no_id,41.624999999999986,39.45833333333334,0,821
811,Gazella_gazella,no_id,39.874999999999986,30.04166666666667,0,822
812,Gazella_gazella,no_id,26.041666666666657,28.625000000000004,0,823
813,Gazella_gazella,no_id,36.95833333333332,26.70833333333334,0,824
814,Gazella_gazella,no_id,40.20833333333332,26.875000000000004,0,825
815,Gazella_gazella,no_id,44.54166666666665,33.54166666666668,0,826
816,Gazella_gazella,no_id,27.291666666666657,30.875000000000004,0,827
817,Gazella_gazella,no_id,27.958333333333325,29.20833333333334,0,828
818,Gazella_gazella,no_id,29.791666666666657,29.45833333333334,0,829
819,Gazella_gazella,no_id,43.95833333333332,33.95833333333334,0,830
820,Gazella_gazella,no_id,40.29166666666665,31.125000000000004,0,831
821,Gazella_gazella,no_id,38.79166666666665,39.12500000000001,0,832
822,Gazella_gazella,no_id,40.04166666666665,35.79166666666667,0,833
823,Gazella_gazella,no_id,30.458333333333325,30.95833333333334,0,834
824,Gazella_gazella,no_id,30.208333333333325,37.62500000000001,0,835
825,Gazella_gazella,no_id,40.374999999999986,26.20833333333334,0,836
826,Gazella_gazella,no_id,26.458333333333325,31.20833333333334,0,837
827,Gazella_gazella,no_id,40.374999999999986,28.625000000000004,0,838
828,Gazella_gazella,no_id,36.124999999999986,35.70833333333334,0,839
829,Gazella_gazella,no_id,42.04166666666665,39.04166666666667,0,840
830,Gazella_gazella,no_id,36.29166666666665,32.62500000000001,0,841
831,Gazella_gazella,no_id,32.45833333333332,39.62500000000001,0,842
832,Gazella_gazella,no_id,29.37499999999999,25.29166666666667,0,843
833,Gazella_gazella,no_id,43.70833333333332,37.45833333333334,0,844
834,Gazella_gazella,no_id,42.624999999999986,28.04166666666667,0,845
835,Gazella_gazella,no_id,31.62499999999999,27.20833333333334,0,846
836,Gazella_gazella,no_id,38.95833333333332,36.45833333333334,0,847
837,Gazella_gazella,no_id,43.70833333333332,33.79166666666667,0,848
838,Gazella_gazella,no_id,37.54166666666665,32.79166666666668,0,849
839,Gazella_gazella,no_id,40.79166666666665,38.79166666666667,0,850
840,Gazella_gazella,no_id,40.79166666666665,32.79166666666668,0,851
841,Gazella_gazella,no_id,42.874999999999986,29.95833333333334,0,852
842,Gazella_gazella,no_id,44.45833333333332,36.70833333333334,0,853
843,Gazella_gazella,no_id,40.04166666666665,34.12500000000001,0,854
844,Gazella_gazella,no_id,27.458333333333325,28.04166666666667,0,855
845,Gazella_gazella,no_id,35.79166666666665,40.45833333333334,0,856
846,Gazella_gazella,no_id,27.708333333333325,26.125000000000004,0,857
847,Gazella_gazella,no_id,34.95833333333332,36.95833333333334,0,858
848,Gazella_gazella,no_id,30.541666666666657,24.95833333333334,0,859
849,Gazella_gazella,no_id,38.29166666666665,24.875000000000004,0,860
850,Gazella_gazella,no_id,41.04166666666665,39.20833333333334,0,861
851,Gazella_gazella,no_id,44.95833333333332,36.87500000000001,0,862
852,Gazella_gazella,no_id,25.041666666666657,31.04166666666667,0,863
853,Gazella_gazella,no_id,41.874999999999986,36.70833333333334,0,864
854,Gazella_gazella,no_id,41.95833333333332,33.04166666666668,0,865
855,Gazella_gazella,no_id,42.624999999999986,30.29166666666667,0,866
856,Gazella_gazella,no_id,39.45833333333332,32.29166666666668,0,867
857,Gazella_gazella,no_id,30.87499999999999,39.87500000000001,0,868
858,Gazella_gazella,no_id,44.20833333333332,32.12500000000001,0,869
859,Gazella_gazella,no_id,39.124999999999986,40.95833333333334,0,870
860,Gazella_gazella,no_id,28.124999999999993,30.45833333333334,0,871
861,Gazella_gazella,no_id,42.20833333333332,35.87500000000001,0,872
862,Gazella_gazella,no_id,40.124999999999986,28.70833333333334,0,873
863,Gazella_gazella,no_id,30.12499999999999,37.12500000000001,0,874
864,Gazella_gazella,no_id,27.374999999999993,30.95833333333334,0,875
865,Gazella_gazella,no_id,38.124999999999986,30.79166666666667,0,876
866,Gazella_gazella,no_id,33.29166666666665,24.79166666666667,0,877
867,Gazella_gazella,no_id,28.87499999999999,27.875000000000004,0,878
868,Gazella_gazella,no_id,38.29166666666665,25.375000000000004,0,879
869,Gazella_gazella,no_id,34.45833333333332,23.375000000000004,0,880
870,Gazella_gazella,no_id,35.20833333333332,36.70833333333334,0,881
871,Gazella_gazella,no_id,36.124999999999986,33.45833333333334,0,882
872,Gazella_gazella,no_id,41.29166666666665,33.20833333333334,0,883
873,Gazella_gazella,no_id,41.874999999999986,34.20833333333334,0,884
874,Gazella_gazella,no_id,28.958333333333325,24.95833333333334,0,885
875,Gazella_gazella,no_id,40.20833333333332,28.54166666666667,0,886
876,Gazella_gazella,no_id,40.79166666666665,31.70833333333334,0,887
877,Gazella_gazella,no_id,32.45833333333332,40.79166666666667,0,888
878,Gazella_gazella,no_id,39.20833333333332,24.54166666666667,0,889
879,Gazella_gazella,no_id,37.124999999999986,34.37500000000001,0,890
880,Gazella_gazella,no_id,31.791666666666657,25.125000000000004,0,891
881,Gazella_gazella,no_id,36.124999999999986,41.37500000000001,0,892
882,Gazella_gazella,no_id,36.374999999999986,31.70833333333334,0,893
883,Gazella_gazella,no_id,34.624999999999986,40.79166666666667,0,894
884,Gazella_gazella,no_id,37.20833333333332,32.29166666666668,0,895
885,Gazella_gazella,no_id,44.45833333333332,31.29166666666667,0,896
886,Gazella_gazella,no_id,44.45833333333332,35.04166666666667,0,897
887,Gazella_gazella,no_id,33.79166666666665,24.29166666666667,0,898
888,Gazella_gazella,no_id,41.45833333333332,36.20833333333334,0,899
889,Gazella_gazella,no_id,28.541666666666657,36.87500000000001,0,900
890,Gazella_gazella,no_id,27.208333333333325,30.875000000000004,0,901
891,Gazella_gazella,no_id,31.208333333333325,27.625000000000004,0,902
892,Gazella_gazella,no_id,30.37499999999999,30.95833333333334,0,903
893,Gazella_gazella,no_id,30.87499999999999,29.125000000000004,0,904
894,Gazella_gazella,no_id,39.874999999999986,26.625000000000004,0,905
895,Gazella_gazella,no_id,31.87499999999999,28.375000000000004,0,906
896,Gazella_gazella,no_id,29.62499999999999,27.875000000000004,0,907
897,Gazella_gazella,no_id,34.124999999999986,28.29166666666667,0,908
898,Gazella_gazella,no_id,43.29166666666665,29.125000000000004,0,909
899,Gazella_gazella,no_id,35.45833333333332,30.875000000000004,0,910
900,Gazella_gazella,no_id,36.45833333333332,28.625000000000004,0,911
901,Gazella_gazella,no_id,34.70833333333332,24.95833333333334,0,912
902,Gazella_gazella,no_id,44.54166666666665,33.20833333333334,0,913
903,Gazella_gazella,no_id,30.041666666666657,24.70833333333334,0,914
904,Gazella_gazella,no_id,26.708333333333325,25.79166666666667,0,915
905,Gazella_gazella,no_id,41.29166666666665,36.95833333333334,0,916
906,Gazella_gazella,no_id,37.624999999999986,36.12500000000001,0,917
907,Gazella_gazella,no_id,40.29166666666665,27.70833333333334,0,918
908,Gazella_gazella,no_id,44.54166666666665,35.95833333333334,0,919
909,Gazella_gazella,no_id,33.29166666666665,34.95833333333334,0,920
910,Gazella_gazella,no_id,44.04166666666665,33.12500000000001,0,921
911,Gazella_gazella,no_id,42.874999999999986,33.37500000000001,0,922
912,Gazella_gazella,no_id,38.95833333333332,25.20833333333334,0,923
913,Gazella_gazella,no_id,41.95833333333332,31.04166666666667,0,924
914,Gazella_gazella,no_id,35.45833333333332,29.20833333333334,0,925
915,Gazella_gazella,no_id,37.95833333333332,24.95833333333334,0,926
916,Gazella_gazella,no_id,39.124999999999986,33.95833333333334,0,927
917,Gazella_gazella,no_id,37.45833333333332,33.04166666666668,0,928
918,Gazella_gazella,no_id,41.70833333333332,27.95833333333334,0,929
919,Gazella_gazella,no_id,37.95833333333332,34.79166666666667,0,930
920,Gazella_gazella,no_id,46.04166666666665,33.79166666666667,0,931
921,Gazella_gazella,no_id,45.79166666666665,33.45833333333334,0,932
922,Gazella_gazella,no_id,30.041666666666657,28.95833333333334,0,933
923,Gazella_gazella,no_id,30.958333333333325,29.70833333333334,0,934
924,Gazella_gazella,no_id,39.124999999999986,36.62500000000001,0,935
925,Gazella_gazella,no_id,32.70833333333332,34.70833333333334,0,936
926,Gazella_gazella,no_id,40.95833333333332,31.95833333333334,0,937
927,Gazella_gazella,no_id,28.291666666666657,27.625000000000004,0,938
928,Gazella_gazella,no_id,39.04166666666665,35.62500000000001,0,939
929,Gazella_gazella,no_id,41.874999999999986,26.54166666666667,0,940
930,Gazella_gazella,no_id,25.208333333333325,30.625000000000004,0,941
931,Gazella_gazella,no_id,40.70833333333332,27.04166666666667,0,942
932,Gazella_gazella,no_id,27.124999999999993,27.95833333333334,0,943
933,Gazella_gazella,no_id,39.29166666666665,26.79166666666667,0,944
934,Gazella_gazella,no_id,34.874999999999986,24.04166666666667,0,945
935,Gazella_gazella,no_id,38.79166666666665,28.125000000000004,0,946
936,Gazella_gazella,no_id,45.29166666666665,33.95833333333334,0,947
937,Gazella_gazella,no_id,28.62499999999999,26.95833333333334,0,948
938,Gazella_gazella,no_id,31.458333333333325,30.45833333333334,0,949
939,Gazella_gazella,no_id,38.624999999999986,32.54166666666668,0,950
940,Gazella_gazella,no_id,41.54166666666665,38.95833333333334,0,951
941,Gazella_gazella,no_id,41.79166666666665,38.45833333333334,0,952
942,Gazella_gazella,no_id,28.708333333333325,29.375000000000004,0,953
943,Gazella_gazella,no_id,33.20833333333332,38.37500000000001,0,954
944,Gazella_gazella,no_id,34.374999999999986,37.62500000000001,0,955
945,Gazella_gazella,no_id,45.45833333333332,31.625000000000004,0,956
946,Gazella_gazella,no_id,31.041666666666657,25.375000000000004,0,957
947,Gazella_gazella,no_id,34.20833333333332,39.12500000000001,0,958
948,Gazella_gazella,no_id,28.87499999999999,28.79166666666667,0,959
949,Gazella_gazella,no_id,43.20833333333332,34.04166666666667,0,960
950,Gazella_gazella,no_id,40.374999999999986,34.45833333333334,0,961
951,Gazella_gazella,no_id,40.29166666666665,27.04166666666667,0,962
952,Gazella_gazella,no_id,41.624999999999986,33.45833333333334,0,963
953,Gazella_gazella,no_id,43.04166666666665,27.29166666666667,0,964
954,Gazella_gazella,no_id,36.95833333333332,29.79166666666667,0,965
955,Gazella_gazella,no_id,38.95833333333332,30.54166666666667,0,966
956,Gazella_gazella,no_id,38.95833333333332,27.04166666666667,0,967
957,Gazella_gazella,no_id,38.624999999999986,36.70833333333334,0,968
958,Gazella_gazella,no_id,40.29166666666665,33.62500000000001,0,969
959,Gazella_gazella,no_id,40.20833333333332,30.70833333333334,0,970
960,Gazella_gazella,no_id,41.54166666666665,36.37500000000001,0,971
961,Gazella_gazella,no_id,42.624999999999986,27.20833333333334,0,972
962,Gazella_gazella,no_id,36.374999999999986,36.70833333333334,0,973
963,Gazella_gazella,no_id,34.45833333333332,38.12500000000001,0,974
964,Gazella_gazella,no_id,35.54166666666665,36.87500000000001,0,975
965,Gazella_gazella,no_id,30.62499999999999,38.79166666666667,0,976
966,Gazella_gazella,no_id,42.54166666666665,30.45833333333334,0,977
967,Gazella_gazella,no_id,38.124999999999986,39.54166666666667,0,978
968,Gazella_gazella,no_id,42.54166666666665,29.54166666666667,0,979
969,Gazella_gazella,no_id,40.70833333333332,28.54166666666667,0,980
970,Gazella_gazella,no_id,24.708333333333325,30.70833333333334,0,981
971,Gazella_gazella,no_id,43.20833333333332,32.79166666666668,0,982
972,Gazella_gazella,no_id,40.29166666666665,34.45833333333334,0,983
973,Gazella_gazella,no_id,37.79166666666665,38.12500000000001,0,984
974,Gazella_gazella,no_id,37.374999999999986,33.12500000000001,0,985
975,Gazella_gazella,no_id,31.458333333333325,23.20833333333334,0,986
976,Gazella_gazella,no_id,35.874999999999986,29.875000000000004,0,987
977,Gazella_gazella,no_id,29.708333333333325,31.04166666666667,0,988
978,Gazella_gazella,no_id,36.79166666666665,29.875000000000004,0,989
979,Gazella_gazella,no_id,33.79166666666665,38.04166666666667,0,990
980,Gazella_gazella,no_id,42.45833333333332,28.45833333333334,0,991
981,Gazella_gazella,no_id,26.874999999999993,30.04166666666667,0,992
982,Gazella_gazella,no_id,36.874999999999986,26.95833333333334,0,993
983,Gazella_gazella,no_id,26.124999999999993,28.45833333333334,0,994
984,Gazella_gazella,no_id,43.04166666666665,36.62500000000001,0,995
985,Gazella_gazella,no_id,34.374999999999986,37.54166666666667,0,996
986,Gazella_gazella,no_id,38.95833333333332,40.37500000000001,0,997
987,Gazella_gazella,no_id,27.458333333333325,30.79166666666667,0,998
988,Gazella_gazella,no_id,39.874999999999986,40.37500000000001,0,999
989,Gazella_gazella,no_id,35.874999999999986,32.70833333333334,0,1000
990,Gazella_gazella,no_id,26.624999999999993,27.29166666666667,0,1001
991,Gazella_gazella,no_id,31.541666666666657,29.29166666666667,0,1002
992,Gazella_gazella,no_id,39.04166666666665,30.54166666666667,0,1003
993,Gazella_gazella,no_id,39.54166666666665,37.62500000000001,0,1004
994,Gazella_gazella,no_id,39.624999999999986,25.45833333333334,0,1005
995,Gazella_gazella,no_id,36.70833333333332,33.29166666666668,0,1006
996,Gazella_gazella,no_id,35.20833333333332,24.20833333333334,0,1007
997,Gazella_gazella,no_id,33.124999999999986,35.12500000000001,0,1008
998,Gazella_gazella,no_id,36.624999999999986,37.70833333333334,0,1009
999,Gazella_gazella,no_id,38.45833333333332,30.875000000000004,0,1010
1000,Gazella_gazella,no_id,32.79166666666665,26.20833333333334,0,1011
1001,Gazella_gazella,no_id,45.874999999999986,33.79166666666667,0,1012
1002,Gazella_gazella,no_id,42.54166666666665,36.79166666666667,0,1013
1003,Gazella_gazella,no_id,40.70833333333332,33.37500000000001,0,1014
1004,Gazella_gazella,no_id,45.20833333333332,33.29166666666668,0,1015
1005,Gazella_gazella,no_id,30.87499999999999,24.29166666666667,0,1016
1006,Gazella_gazella,no_id,41.70833333333332,36.04166666666667,0,1017
1007,Gazella_gazella,no_id,32.54166666666665,29.20833333333334,0,1018
1008,Gazella_gazella,no_id,39.374999999999986,25.79166666666667,0,1019
1009,Gazella_gazella,no_id,32.874999999999986,38.45833333333334,0,1020
1010,Gazella_gazella,no_id,36.04166666666665,38.04166666666667,0,1021
1011,Gazella_gazella,no_id,36.04166666666665,36.04166666666667,0,1022
1012,Gazella_gazella,no_id,27.458333333333325,29.20833333333334,0,1023
1013,Gazella_gazella,no_id,37.874999999999986,26.95833333333334,0,1024
1014,Gazella_gazella,no_id,46.20833333333332,34.04166666666667,0,1025
1015,Gazella_gazella,no_id,33.624999999999986,36.95833333333334,0,1026
1016,Gazella_gazella,no_id,33.95833333333332,24.125000000000004,0,1027
1017,Gazella_gazella,no_id,34.45833333333332,23.625000000000004,0,1028
1018,Gazella_gazella,no_id,32.79166666666665,27.79166666666667,0,1029
1019,Gazella_gazella,no_id,42.45833333333332,35.37500000000001,0,1030
1020,Gazella_gazella,no_id,34.79166666666665,23.875000000000004,0,1031
1021,Gazella_gazella,no_id,35.54166666666665,23.125000000000004,0,1032
1022,Gazella_gazella,no_id,40.79166666666665,25.95833333333334,0,1033
1023,Gazella_gazella,no_id,37.95833333333332,39.79166666666667,0,1034
1024,Gazella_gazella,no_id,43.54166666666665,30.625000000000004,0,1035
1025,Gazella_gazella,no_id,34.79166666666665,31.29166666666667,0,1036
1026,Gazella_gazella,no_id,28.124999999999993,29.54166666666667,0,1037
1027,Gazella_gazella,no_id,38.374999999999986,25.29166666666667,0,1038
1028,Gazella_gazella,no_id,37.374999999999986,38.29166666666667,0,1039
1029,Gazella_gazella,no_id,42.54166666666665,28.625000000000004,0,1040
1030,Gazella_gazella,no_id,36.54166666666665,32.04166666666668,0,1041
1031,Gazella_gazella,no_id,25.291666666666657,30.20833333333334,0,1042
1032,Gazella_gazella,no_id,29.041666666666657,38.87500000000001,0,1043
1033,Gazella_gazella,no_id,43.95833333333332,29.29166666666667,0,1044
1034,Gazella_gazella,no_id,38.70833333333332,36.79166666666667,0,1045
1035,Gazella_gazella,no_id,39.70833333333332,38.79166666666667,0,1046
1036,Gazella_gazella,no_id,38.54166666666665,24.54166666666667,0,1047
1037,Gazella_gazella,no_id,45.95833333333332,34.20833333333334,0,1048
1038,Gazella_gazella,no_id,31.87499999999999,29.29166666666667,0,1049
1039,Gazella_gazella,no_id,28.374999999999993,25.79166666666667,0,1050
1040,Gazella_gazella,no_id,29.291666666666657,26.70833333333334,0,1051
1041,Gazella_gazella,no_id,45.04166666666665,30.45833333333334,0,1052
1042,Gazella_gazella,no_id,26.208333333333325,30.79166666666667,0,1053
1043,Gazella_gazella,no_id,29.458333333333325,39.29166666666667,0,1054
1044,Gazella_gazella,no_id,33.04166666666665,34.79166666666667,0,1055
1045,Gazella_gazella,no_id,45.29166666666665,35.29166666666667,0,1056
1046,Gazella_gazella,no_id,39.20833333333332,30.625000000000004,0,1057
1047,Gazella_gazella,no_id,41.29166666666665,33.79166666666667,0,1058
1048,Gazella_gazella,no_id,29.791666666666657,29.875000000000004,0,1059
1049,Gazella_gazella,no_id,37.874999999999986,30.375000000000004,0,1060
1050,Gazella_gazella,no_id,42.45833333333332,38.62500000000001,0,1061
1051,Gazella_gazella,no_id,38.54166666666665,39.79166666666667,0,1062
1052,Gazella_gazella,no_id,42.79166666666665,31.125000000000004,0,1063
1053,Gazella_gazella,no_id,32.20833333333332,38.20833333333334,0,1064
1054,Gazella_gazella,no_id,31.37499999999999,27.875000000000004,0,1065
1055,Gazella_gazella,no_id,31.62499999999999,24.625000000000004,0,1066
1056,Gazella_gazella,no_id,32.874999999999986,29.54166666666667,0,1067
1057,Gazella_gazella,no_id,29.791666666666657,27.375000000000004,0,1068
1058,Gazella_gazella,no_id,41.70833333333332,36.87500000000001,0,1069
1059,Gazella_gazella,no_id,43.45833333333332,35.45833333333334,0,1070
1060,Gazella_gazella,no_id,42.624999999999986,39.20833333333334,0,1071
1061,Gazella_gazella,no_id,44.124999999999986,38.79166666666667,0,1072
1062,Gazella_gazella,no_id,32.624999999999986,39.04166666666667,0,1073
1063,Gazella_gazella,no_id,39.70833333333332,32.79166666666668,0,1074
1064,Gazella_gazella,no_id,29.62499999999999,26.79166666666667,0,1075
1065,Gazella_gazella,no_id,43.95833333333332,30.45833333333334,0,1076
1066,Gazella_gazella,no_id,29.37499999999999,24.625000000000004,0,1077
1067,Gazella_gazella,no_id,28.124999999999993,29.79166666666667,0,1078
1068,Gazella_gazella,no_id,44.45833333333332,33.29166666666668,0,1079
1069,Gazella_gazella,no_id,37.70833333333332,34.04166666666667,0,1080
1070,Gazella_gazella,no_id,32.45833333333332,26.375000000000004,0,1081
1071,Gazella_gazella,no_id,24.874999999999993,29.125000000000004,0,1082
1072,Gazella_gazella,no_id,37.874999999999986,29.95833333333334,0,1083
1073,Gazella_gazella,no_id,38.70833333333332,34.62500000000001,0,1084
1074,Gazella_gazella,no_id,34.374999999999986,24.20833333333334,0,1085
1075,Gazella_gazella,no_id,45.124999999999986,31.04166666666667,0,1086
1076,Gazella_gazella,no_id,34.70833333333332,38.62500000000001,0,1087
1077,Gazella_gazella,no_id,41.29166666666665,32.29166666666668,0,1088
1078,Gazella_gazella,no_id,36.54166666666665,32.79166666666668,0,1089
1079,Gazella_gazella,no_id,36.374999999999986,34.62500000000001,0,1090
1080,Gazella_gazella,no_id,36.874999999999986,28.125000000000004,0,1091
1081,Gazella_gazella,no_id,39.29166666666665,29.54166666666667,0,1092
1082,Gazella_gazella,no_id,41.624999999999986,25.95833333333334,0,1093
1083,Gazella_gazella,no_id,39.874999999999986,33.45833333333334,0,1094
1084,Gazella_gazella,no_id,41.624999999999986,37.20833333333334,0,1095
1085,Gazella_gazella,no_id,43.624999999999986,35.37500000000001,0,1096
1086,Gazella_gazella,no_id,42.95833333333332,31.79166666666667,0,1097
1087,Gazella_gazella,no_id,44.29166666666665,37.29166666666667,0,1098
1088,Gazella_gazella,no_id,29.958333333333325,29.375000000000004,0,1099
1089,Gazella_gazella,no_id,30.208333333333325,39.79166666666667,0,1100
1090,Gazella_gazella,no_id,40.29166666666665,30.29166666666667,0,1101
1091,Gazella_gazella,no_id,39.374999999999986,27.29166666666667,0,1102
1092,Gazella_gazella,no_id,38.124999999999986,39.62500000000001,0,1103
1093,Gazella_gazella,no_id,43.874999999999986,35.95833333333334,0,1104
1094,Gazella_gazella,no_id,36.04166666666665,28.375000000000004,0,1105
1095,Gazella_gazella,no_id,34.70833333333332,40.95833333333334,0,1106
1096,Gazella_gazella,no_id,28.291666666666657,25.04166666666667,0,1107
1097,Gazella_gazella,no_id,41.20833333333332,36.79166666666667,0,1108
1098,Gazella_gazella,no_id,36.374999999999986,38.04166666666667,0,1109
1099,Gazella_gazella,no_id,25.958333333333325,27.625000000000004,0,1110
1100,Gazella_gazella,no_id,27.708333333333325,26.79166666666667,0,1111
1101,Gazella_gazella,no_id,40.624999999999986,26.95833333333334,0,1112
1102,Gazella_gazella,no_id,34.874999999999986,38.45833333333334,0,1113
1103,Gazella_gazella,no_id,33.29166666666665,38.62500000000001,0,1114
1104,Gazella_gazella,no_id,41.70833333333332,29.875000000000004,0,1115
1105,Gazella_gazella,no_id,36.20833333333332,40.70833333333334,0,1116
1106,Gazella_gazella,no_id,27.458333333333325,29.375000000000004,0,1117
1107,Gazella_gazella,no_id,33.54166666666665,23.45833333333334,0,1118
1108,Gazella_gazella,no_id,33.624999999999986,23.95833333333334,0,1119
1109,Gazella_gazella,no_id,41.624999999999986,36.70833333333334,0,1120
1110,Gazella_gazella,no_id,44.45833333333332,31.54166666666667,0,1121
1111,Gazella_gazella,no_id,35.124999999999986,40.37500000000001,0,1122
1112,Gazella_gazella,no_id,45.54166666666665,34.12500000000001,0,1123
1113,Gazella_gazella,no_id,33.874999999999986,38.12500000000001,0,1124
1114,Gazella_gazella,no_id,41.54166666666665,36.12500000000001,0,1125
1115,Gazella_gazella,no_id,39.45833333333332,40.87500000000001,0,1126
1116,Gazella_gazella,no_id,40.374999999999986,29.625000000000004,0,1127
1117,Gazella_gazella,no_id,27.958333333333325,29.79166666666667,0,1128
1118,Gazella_gazella,no_id,37.04166666666665,33.62500000000001,0,1129
1119,Gazella_gazella,no_id,41.45833333333332,33.54166666666668,0,1130
1120,Gazella_gazella,no_id,40.20833333333332,29.45833333333334,0,1131
1121,Gazella_gazella,no_id,31.458333333333325,38.54166666666667,0,1132
1122,Gazella_gazella,no_id,30.041666666666657,24.54166666666667,0,1133
1123,Gazella_gazella,no_id,40.45833333333332,24.875000000000004,0,1134
1124,Gazella_gazella,no_id,45.624999999999986,35.54166666666667,0,1135
1125,Gazella_gazella,no_id,35.95833333333332,41.04166666666667,0,1136
1126,Gazella_gazella,no_id,26.374999999999993,29.375000000000004,0,1137
1127,Gazella_gazella,no_id,31.87499999999999,25.45833333333334,0,1138
1128,Gazella_gazella,no_id,29.12499999999999,36.87500000000001,0,1139
1129,Gazella_gazella,no_id,38.374999999999986,32.87500000000001,0,1140
1130,Gazella_gazella,no_id,42.20833333333332,33.54166666666668,0,1141
1131,Gazella_gazella,no_id,35.20833333333332,38.95833333333334,0,1142
1132,Gazella_gazella,no_id,33.374999999999986,40.95833333333334,0,1143
1133,Gazella_gazella,no_id,37.874999999999986,28.54166666666667,0,1144
1134,Gazella_gazella,no_id,43.04166666666665,35.04166666666667,0,1145
1135,Gazella_gazella,no_id,33.374999999999986,24.625000000000004,0,1146
1136,Gazella_gazella,no_id,32.95833333333332,37.87500000000001,0,1147
1137,Gazella_gazella,no_id,33.45833333333332,38.62500000000001,0,1148
1138,Gazella_gazella,no_id,33.624999999999986,35.04166666666667,0,1149
1139,Gazella_gazella,no_id,26.791666666666657,27.70833333333334,0,1150
1140,Gazella_gazella,no_id,42.874999999999986,39.62500000000001,0,1151
1141,Gazella_gazella,no_id,42.95833333333332,26.875000000000004,0,1152
1142,Gazella_gazella,no_id,41.54166666666665,34.62500000000001,0,1153
1143,Gazella_gazella,no_id,33.29166666666665,30.875000000000004,0,1154
1144,Gazella_gazella,no_id,32.374999999999986,26.70833333333334,0,1155
1145,Gazella_gazella,no_id,42.20833333333332,29.125000000000004,0,1156
1146,Gazella_gazella,no_id,27.624999999999993,30.875000000000004,0,1157
1147,Gazella_gazella,no_id,32.29166666666666,29.04166666666667,0,1158
1148,Gazella_gazella,no_id,31.12499999999999,30.54166666666667,0,1159
1149,Gazella_gazella,no_id,29.791666666666657,36.29166666666667,0,1160
1150,Gazella_gazella,no_id,43.874999999999986,30.70833333333334,0,1161
1151,Gazella_gazella,no_id,32.124999999999986,26.45833333333334,0,1162
1152,Gazella_gazella,no_id,39.874999999999986,26.54166666666667,0,1163
1153,Gazella_gazella,no_id,35.95833333333332,30.29166666666667,0,1164
1154,Gazella_gazella,no_id,37.70833333333332,27.04166666666667,0,1165
1155,Gazella_gazella,no_id,25.458333333333325,29.875000000000004,0,1166
1156,Gazella_gazella,no_id,32.70833333333332,24.875000000000004,0,1167
1157,Gazella_gazella,no_id,30.958333333333325,28.79166666666667,0,1168
1158,Gazella_gazella,no_id,30.791666666666657,29.79166666666667,0,1169
1159,Gazella_gazella,no_id,35.624999999999986,31.79166666666667,0,1170
1160,Gazella_gazella,no_id,27.041666666666657,25.54166666666667,0,1171
1161,Gazella_gazella,no_id,31.12499999999999,37.04166666666667,0,1172
1162,Gazella_gazella,no_id,42.20833333333332,30.375000000000004,0,1173
1163,Gazella_gazella,no_id,41.70833333333332,34.04166666666667,0,1174
1164,Gazella_gazella,no_id,30.458333333333325,23.875000000000004,0,1175
1165,Gazella_gazella,no_id,41.04166666666665,26.875000000000004,0,1176
1166,Gazella_gazella,no_id,40.374999999999986,39.45833333333334,0,1177
1167,Gazella_gazella,no_id,37.20833333333332,34.54166666666667,0,1178
1168,Gazella_gazella,no_id,36.54166666666665,37.79166666666667,0,1179
1169,Gazella_gazella,no_id,31.291666666666657,30.875000000000004,0,1180
1170,Gazella_gazella,no_id,28.208333333333325,37.95833333333334,0,1181
1171,Gazella_gazella,no_id,36.29166666666665,27.375000000000004,0,1182
1172,Gazella_gazella,no_id,40.54166666666665,33.20833333333334,0,1183
1173,Gazella_gazella,no_id,30.37499999999999,39.37500000000001,0,1184
1174,Gazella_gazella,no_id,33.20833333333332,23.45833333333334,0,1185
1175,Gazella_gazella,no_id,37.54166666666665,32.29166666666668,0,1186
1176,Gazella_gazella,no_id,37.04166666666665,33.12500000000001,0,1187
1177,Gazella_gazella,no_id,25.874999999999993,28.29166666666667,0,1188
1178,Gazella_gazella,no_id,41.624999999999986,31.625000000000004,0,1189
1179,Gazella_gazella,no_id,41.624999999999986,40.04166666666667,0,1190
1180,Gazella_gazella,no_id,36.45833333333332,28.04166666666667,0,1191
1181,Gazella_gazella,no_id,37.45833333333332,37.54166666666667,0,1192
1182,Gazella_gazella,no_id,41.124999999999986,30.29166666666667,0,1193
1183,Gazella_gazella,no_id,41.45833333333332,30.625000000000004,0,1194
1184,Gazella_gazella,no_id,36.70833333333332,39.70833333333334,0,1195
1185,Gazella_gazella,no_id,42.45833333333332,38.87500000000001,0,1196
1186,Gazella_gazella,no_id,37.45833333333332,28.95833333333334,0,1197
1187,Gazella_gazella,no_id,27.124999999999993,29.29166666666667,0,1198
1188,Gazella_gazella,no_id,31.37499999999999,39.37500000000001,0,1199
1189,Gazella_gazella,no_id,35.45833333333332,41.29166666666667,0,1200
1190,Gazella_gazella,no_id,28.041666666666657,25.375000000000004,0,1201
1191,Gazella_gazella,no_id,32.20833333333332,39.70833333333334,0,1202
1192,Gazella_gazella,no_id,39.45833333333332,29.29166666666667,0,1203
1193,Gazella_gazella,no_id,29.708333333333325,25.95833333333334,0,1204
1194,Gazella_gazella,no_id,39.20833333333332,32.70833333333334,0,1205
1195,Gazella_gazella,no_id,40.29166666666665,26.125000000000004,0,1206
1196,Gazella_gazella,no_id,39.624999999999986,38.95833333333334,0,1207
1197,Gazella_gazella,no_id,35.54166666666665,41.29166666666667,0,1208
1198,Gazella_gazella,no_id,40.874999999999986,28.79166666666667,0,1209
1199,Gazella_gazella,no_id,32.54166666666665,38.45833333333334,0,1210
1200,Gazella_gazella,no_id,38.624999999999986,33.45833333333334,0,1211
1201,Gazella_gazella,no_id,29.458333333333325,37.12500000000001,0,1212
1202,Gazella_gazella,no_id,28.374999999999993,30.70833333333334,0,1213
1203,Gazella_gazella,no_id,45.70833333333332,35.29166666666667,0,1214
1204,Gazella_gazella,no_id,42.04166666666665,29.70833333333334,0,1215
1205,Gazella_gazella,no_id,37.70833333333332,29.79166666666667,0,1216
1206,Gazella_gazella,no_id,44.79166666666665,35.87500000000001,0,1217
1207,Gazella_gazella,no_id,30.37499999999999,24.54166666666667,0,1218
1208,Gazella_gazella,no_id,29.458333333333325,25.95833333333334,0,1219
1209,Gazella_gazella,no_id,37.54166666666665,26.29166666666667,0,1220
1210,Gazella_gazella,no_id,36.29166666666665,34.20833333333334,0,1221
1211,Gazella_gazella,no_id,45.20833333333332,32.04166666666668,0,1222
1212,Gazella_gazella,no_id,34.874999999999986,30.95833333333334,0,1223
1213,Gazella_gazella,no_id,35.79166666666665,29.875000000000004,0,1224
1214,Gazella_gazella,no_id,41.54166666666665,40.04166666666667,0,1225
1215,Gazella_gazella,no_id,32.04166666666666,40.62500000000001,0,1226
1216,Gazella_gazella,no_id,28.458333333333325,30.29166666666667,0,1227
1217,Gazella_gazella,no_id,29.541666666666657,25.375000000000004,0,1228
1218,Gazella_gazella,no_id,30.62499999999999,23.45833333333334,0,1229
1219,Gazella_gazella,no_id,44.70833333333332,33.62500000000001,0,1230
1220,Gazella_gazella,no_id,36.70833333333332,27.54166666666667,0,1231
1221,Gazella_gazella,no_id,43.20833333333332,36.45833333333334,0,1232
1222,Gazella_gazella,no_id,40.374999999999986,30.04166666666667,0,1233
1223,Gazella_gazella,no_id,32.20833333333332,30.95833333333334,0,1234
1224,Gazella_gazella,no_id,40.54166666666665,29.29166666666667,0,1235
1225,Gazella_gazella,no_id,26.291666666666657,26.95833333333334,0,1236
1226,Gazella_gazella,no_id,44.124999999999986,37.95833333333334,0,1237
1227,Gazella_gazella,no_id,28.374999999999993,27.45833333333334,0,1238
1228,Gazella_gazella,no_id,41.04166666666665,31.79166666666667,0,1239
1229,Gazella_gazella,no_id,43.04166666666665,29.375000000000004,0,1240
1230,Gazella_gazella,no_id,25.958333333333325,30.375000000000004,0,1241
1231,Gazella_gazella,no_id,31.041666666666657,26.95833333333334,0,1242
1232,Gazella_gazella,no_id,36.54166666666665,37.62500000000001,0,1243
1233,Gazella_gazella,no_id,35.874999999999986,38.54166666666667,0,1244
1234,Gazella_gazella,no_id,37.374999999999986,26.375000000000004,0,1245
1235,Gazella_gazella,no_id,38.374999999999986,27.79166666666667,0,1246
1236,Gazella_gazella,no_id,36.20833333333332,27.79166666666667,0,1247
1237,Gazella_gazella,no_id,32.624999999999986,27.125000000000004,0,1248
1238,Gazella_gazella,no_id,40.70833333333332,25.04166666666667,0,1249
1239,Gazella_gazella,no_id,33.124999999999986,34.87500000000001,0,1250
1240,Gazella_gazella,no_id,39.54166666666665,30.04166666666667,0,1251
1241,Gazella_gazella,no_id,46.04166666666665,32.95833333333334,0,1252
1242,Gazella_gazella,no_id,41.374999999999986,33.20833333333334,0,1253
1243,Gazella_gazella,no_id,42.54166666666665,36.20833333333334,0,1254
1244,Gazella_gazella,no_id,42.20833333333332,32.95833333333334,0,1255
1245,Gazella_gazella,no_id,40.70833333333332,37.62500000000001,0,1256
1246,Gazella_gazella,no_id,40.45833333333332,30.29166666666667,0,1257
1247,Gazella_gazella,no_id,40.20833333333332,36.37500000000001,0,1258
1248,Gazella_gazella,no_id,39.45833333333332,31.625000000000004,0,1259
1249,Gazella_gazella,no_id,41.04166666666665,29.29166666666667,0,1260
1250,Gazella_gazella,no_id,39.374999999999986,29.95833333333334,0,1261
1251,Gazella_gazella,no_id,44.124999999999986,31.20833333333334,0,1262
1252,Gazella_gazella,no_id,37.54166666666665,39.29166666666667,0,1263
1253,Gazella_gazella,no_id,36.04166666666665,31.875000000000004,0,1264
1254,Gazella_gazella,no_id,32.124999999999986,27.04166666666667,0,1265
1255,Gazella_gazella,no_id,40.70833333333332,30.29166666666667,0,1266
1256,Gazella_gazella,no_id,28.041666666666657,37.87500000000001,0,1267
1257,Gazella_gazella,no_id,37.624999999999986,37.87500000000001,0,1268
1258,Gazella_gazella,no_id,36.124999999999986,40.04166666666667,0,1269
1259,Gazella_gazella,no_id,39.874999999999986,39.20833333333334,0,1270
1260,Gazella_gazella,no_id,34.124999999999986,38.62500000000001,0,1271
1261,Gazella_gazella,no_id,29.87499999999999,39.62500000000001,0,1272
1262,Gazella_gazella,no_id,42.95833333333332,30.45833333333334,0,1273
1263,Gazella_gazella,no_id,35.95833333333332,36.37500000000001,0,1274
1264,Gazella_gazella,no_id,38.70833333333332,24.70833333333334,0,1275
1265,Gazella_gazella,no_id,42.624999999999986,37.37500000000001,0,1276
1266,Gazella_gazella,no_id,26.874999999999993,26.54166666666667,0,1277
1267,Gazella_gazella,no_id,35.624999999999986,39.12500000000001,0,1278
1268,Gazella_gazella,no_id,41.70833333333332,38.62500000000001,0,1279
1269,Gazella_gazella,no_id,28.87499999999999,30.45833333333334,0,1280
1270,Gazella_gazella,no_id,40.95833333333332,28.375000000000004,0,1281
1271,Gazella_gazella,no_id,36.45833333333332,27.625000000000004,0,1282
1272,Gazella_gazella,no_id,38.20833333333332,40.54166666666667,0,1283
1273,Gazella_gazella,no_id,41.79166666666665,39.20833333333334,0,1284
1274,Gazella_gazella,no_id,44.54166666666665,37.62500000000001,0,1285
1275,Gazella_gazella,no_id,43.45833333333332,33.87500000000001,0,1286
1276,Gazella_gazella,no_id,42.70833333333332,38.79166666666667,0,1287
1277,Gazella_gazella,no_id,36.874999999999986,27.70833333333334,0,1288
1278,Gazella_gazella,no_id,43.95833333333332,37.20833333333334,0,1289
1279,Gazella_gazella,no_id,35.874999999999986,30.70833333333334,0,1290
1280,Gazella_gazella,no_id,37.124999999999986,28.95833333333334,0,1291
1281,Gazella_gazella,no_id,39.79166666666665,33.37500000000001,0,1292
1282,Gazella_gazella,no_id,36.54166666666665,31.79166666666667,0,1293
1283,Gazella_gazella,no_id,43.95833333333332,31.375000000000004,0,1294
1284,Gazella_gazella,no_id,29.62499999999999,24.95833333333334,0,1295
1285,Gazella_gazella,no_id,43.124999999999986,34.29166666666667,0,1296
1286,Gazella_gazella,no_id,44.374999999999986,36.45833333333334,0,1297
1287,Gazella_gazella,no_id,33.45833333333332,38.37500000000001,0,1298
1288,Gazella_gazella,no_id,36.874999999999986,37.62500000000001,0,1299
1289,Gazella_gazella,no_id,43.04166666666665,35.54166666666667,0,1300
1290,Gazella_gazella,no_id,45.54166666666665,35.62500000000001,0,1301
1291,Gazella_gazella,no_id,29.541666666666657,30.54166666666667,0,1302
1292,Gazella_gazella,no_id,37.124999999999986,38.79166666666667,0,1303
1293,Gazella_gazella,no_id,29.291666666666657,26.95833333333334,0,1304
1294,Gazella_gazella,no_id,29.37499999999999,38.45833333333334,0,1305
1295,Gazella_gazella,no_id,28.124999999999993,25.79166666666667,0,1306
1296,Gazella_gazella,no_id,27.624999999999993,27.04166666666667,0,1307
1297,Gazella_gazella,no_id,33.624999999999986,23.20833333333334,0,1308
1298,Gazella_gazella,no_id,35.04166666666665,41.37500000000001,0,1309
1299,Gazella_gazella,no_id,32.79166666666665,23.79166666666667,0,1310
1300,Gazella_gazella,no_id,26.374999999999993,30.95833333333334,0,1311
1301,Gazella_gazella,no_id,36.54166666666665,35.20833333333334,0,1312
1302,Gazella_gazella,no_id,26.624999999999993,27.79166666666667,0,1313
1303,Gazella_gazella,no_id,37.79166666666665,32.62500000000001,0,1314
1304,Gazella_gazella,no_id,42.54166666666665,26.95833333333334,0,1315
1305,Gazella_gazella,no_id,27.624999999999993,37.54166666666667,0,1316
1306,Gazella_gazella,no_id,26.291666666666657,28.625000000000004,0,1317
1307,Gazella_gazella,no_id,39.54166666666665,36.04166666666667,0,1318
1308,Gazella_gazella,no_id,37.29166666666665,38.95833333333334,0,1319
1309,Gazella_gazella,no_id,26.208333333333325,28.625000000000004,0,1320
1310,Gazella_gazella,no_id,29.62499999999999,25.625000000000004,0,1321
1311,Gazella_gazella,no_id,31.791666666666657,24.125000000000004,0,1322
1312,Gazella_gazella,no_id,44.54166666666665,37.37500000000001,0,1323
1313,Gazella_gazella,no_id,36.374999999999986,28.45833333333334,0,1324
1314,Gazella_gazella,no_id,30.291666666666657,26.29166666666667,0,1325
1315,Gazella_gazella,no_id,29.12499999999999,25.875000000000004,0,1326
1316,Gazella_gazella,no_id,37.874999999999986,28.20833333333334,0,1327
1317,Gazella_gazella,no_id,36.624999999999986,35.62500000000001,0,1328
1318,Gazella_gazella,no_id,31.458333333333325,24.95833333333334,0,1329
1319,Gazella_gazella,no_id,24.624999999999993,31.70833333333334,0,1330
1320,Gazella_gazella,no_id,42.04166666666665,39.45833333333334,0,1331
1321,Gazella_gazella,no_id,45.54166666666665,32.04166666666668,0,1332
1322,Gazella_gazella,no_id,45.54166666666665,35.12500000000001,0,1333
1323,Gazella_gazella,no_id,40.624999999999986,25.70833333333334,0,1334
1324,Gazella_gazella,no_id,29.958333333333325,38.29166666666667,0,1335
1325,Gazella_gazella,no_id,33.20833333333332,23.625000000000004,0,1336
1326,Gazella_gazella,no_id,32.95833333333332,38.04166666666667,0,1337
1327,Gazella_gazella,no_id,39.79166666666665,37.37500000000001,0,1338
1328,Gazella_gazella,no_id,39.70833333333332,36.54166666666667,0,1339
1329,Gazella_gazella,no_id,39.20833333333332,33.54166666666668,0,1340
1330,Gazella_gazella,no_id,37.04166666666665,40.62500000000001,0,1341
1331,Gazella_gazella,no_id,41.79166666666665,29.20833333333334,0,1342
1332,Gazella_gazella,no_id,37.29166666666665,28.375000000000004,0,1343
1333,Gazella_gazella,no_id,37.124999999999986,34.79166666666667,0,1344
1334,Gazella_gazella,no_id,40.04166666666665,28.875000000000004,0,1345
1335,Gazella_gazella,no_id,26.958333333333325,30.79166666666667,0,1346
1336,Gazella_gazella,no_id,30.791666666666657,27.875000000000004,0,1347
1337,Gazella_gazella,no_id,37.70833333333332,32.04166666666668,0,1348
1338,Gazella_gazella,no_id,30.958333333333325,37.04166666666667,0,1349
1339,Gazella_gazella,no_id,28.541666666666657,24.875000000000004,0,1350
1340,Gazella_gazella,no_id,38.624999999999986,39.29166666666667,0,1351
1341,Gazella_gazella,no_id,30.541666666666657,31.125000000000004,0,1352
1342,Gazella_gazella,no_id,43.95833333333332,37.79166666666667,0,1353
1343,Gazella_gazella,no_id,43.54166666666665,30.29166666666667,0,1354
1344,Gazella_gazella,no_id,42.374999999999986,32.62500000000001,0,1355
1345,Gazella_gazella,no_id,29.87499999999999,27.375000000000004,0,1356
1346,Gazella_gazella,no_id,35.45833333333332,31.45833333333334,0,1357
1347,Gazella_gazella,no_id,32.70833333333332,23.625000000000004,0,1358
1348,Gazella_gazella,no_id,35.54166666666665,39.79166666666667,0,1359
1349,Gazella_gazella,no_id,36.79166666666665,36.79166666666667,0,1360
1350,Gazella_gazella,no_id,29.291666666666657,37.20833333333334,0,1361
1351,Gazella_gazella,no_id,37.374999999999986,28.70833333333334,0,1362
1352,Gazella_gazella,no_id,41.374999999999986,40.04166666666667,0,1363
1353,Gazella_gazella,no_id,43.874999999999986,34.79166666666667,0,1364
1354,Gazella_gazella,no_id,39.70833333333332,24.45833333333334,0,1365
1355,Gazella_gazella,no_id,35.45833333333332,41.20833333333334,0,1366
1356,Gazella_gazella,no_id,39.374999999999986,38.87500000000001,0,1367
1357,Gazella_gazella,no_id,31.041666666666657,30.20833333333334,0,1368
1358,Gazella_gazella,no_id,31.958333333333325,25.54166666666667,0,1369
1359,Gazella_gazella,no_id,37.45833333333332,40.62500000000001,0,1370
1360,Gazella_gazella,no_id,33.95833333333332,28.04166666666667,0,1371
1361,Gazella_gazella,no_id,35.374999999999986,23.79166666666667,0,1372
1362,Gazella_gazella,no_id,26.958333333333325,25.95833333333334,0,1373
1363,Gazella_gazella,no_id,27.708333333333325,25.04166666666667,0,1374
1364,Gazella_gazella,no_id,27.124999999999993,27.375000000000004,0,1375
1365,Gazella_gazella,no_id,27.541666666666657,25.70833333333334,0,1376
1366,Gazella_gazella,no_id,32.54166666666665,27.20833333333334,0,1377
1367,Gazella_gazella,no_id,42.04166666666665,36.79166666666667,0,1378
1368,Gazella_gazella,no_id,40.20833333333332,24.79166666666667,0,1379
1369,Gazella_gazella,no_id,35.54166666666665,30.70833333333334,0,1380
1370,Gazella_gazella,no_id,37.874999999999986,40.79166666666667,0,1381
1371,Gazella_gazella,no_id,38.374999999999986,27.125000000000004,0,1382
1372,Gazella_gazella,no_id,30.041666666666657,38.12500000000001,0,1383
1373,Gazella_gazella,no_id,30.208333333333325,31.04166666666667,0,1384
1374,Gazella_gazella,no_id,39.20833333333332,34.37500000000001,0,1385
1375,Gazella_gazella,no_id,41.374999999999986,26.375000000000004,0,1386
1376,Gazella_gazella,no_id,37.79166666666665,26.54166666666667,0,1387
1377,Gazella_gazella,no_id,28.541666666666657,37.62500000000001,0,1388
1378,Gazella_gazella,no_id,37.54166666666665,26.125000000000004,0,1389
1379,Gazella_gazella,no_id,40.54166666666665,33.95833333333334,0,1390
1380,Gazella_gazella,no_id,43.70833333333332,34.62500000000001,0,1391
1381,Gazella_gazella,no_id,38.79166666666665,32.45833333333334,0,1392
1382,Gazella_gazella,no_id,39.95833333333332,33.37500000000001,0,1393
1383,Gazella_gazella,no_id,39.29166666666665,36.79166666666667,0,1394
1384,Gazella_gazella,no_id,36.54166666666665,39.95833333333334,0,1395
1385,Gazella_gazella,no_id,43.45833333333332,32.45833333333334,0,1396
1386,Gazella_gazella,no_id,34.45833333333332,29.54166666666667,0,1397
1387,Gazella_gazella,no_id,33.45833333333332,30.20833333333334,0,1398
1388,Gazella_gazella,no_id,29.62499999999999,29.375000000000004,0,1399
1389,Gazella_gazella,no_id,38.79166666666665,28.375000000000004,0,1400
1390,Gazella_gazella,no_id,34.70833333333332,38.29166666666667,0,1401
1391,Gazella_gazella,no_id,43.04166666666665,27.04166666666667,0,1402
1392,Gazella_gazella,no_id,35.20833333333332,37.29166666666667,0,1403
1393,Gazella_gazella,no_id,29.958333333333325,38.70833333333334,0,1404
1394,Gazella_gazella,no_id,39.70833333333332,29.875000000000004,0,1405
1395,Gazella_gazella,no_id,31.958333333333325,37.29166666666667,0,1406
1396,Gazella_gazella,no_id,39.45833333333332,31.79166666666667,0,1407
1397,Gazella_gazella,no_id,32.95833333333332,26.45833333333334,0,1408
1398,Gazella_gazella,no_id,37.624999999999986,29.375000000000004,0,1409
1399,Gazella_gazella,no_id,36.95833333333332,33.54166666666668,0,1410
1400,Gazella_gazella,no_id,36.95833333333332,25.79166666666667,0,1411
1401,Gazella_gazella,no_id,30.791666666666657,24.29166666666667,0,1412
1402,Gazella_gazella,no_id,35.20833333333332,38.79166666666667,0,1413
1403,Gazella_gazella,no_id,43.45833333333332,30.04166666666667,0,1414
1404,Gazella_gazella,no_id,40.79166666666665,38.54166666666667,0,1415
1405,Gazella_gazella,no_id,24.874999999999993,30.04166666666667,0,1416
1406,Gazella_gazella,no_id,26.708333333333325,30.875000000000004,0,1417
1407,Gazella_gazella,no_id,37.374999999999986,39.95833333333334,0,1418
1408,Gazella_gazella,no_id,30.87499999999999,29.375000000000004,0,1419
1409,Gazella_gazella,no_id,36.124999999999986,28.625000000000004,0,1420
1410,Gazella_gazella,no_id,32.624999999999986,23.70833333333334,0,1421
1411,Gazella_gazella,no_id,35.45833333333332,28.29166666666667,0,1422
1412,Gazella_gazella,no_id,41.374999999999986,33.37500000000001,0,1423
1413,Gazella_gazella,no_id,41.45833333333332,37.04166666666667,0,1424
1414,Gazella_gazella,no_id,42.54166666666665,34.04166666666667,0,1425
1415,Gazella_gazella,no_id,31.958333333333325,26.29166666666667,0,1426
1416,Gazella_gazella,no_id,38.624999999999986,31.375000000000004,0,1427
1417,Gazella_gazella,no_id,45.70833333333332,36.12500000000001,0,1428
1418,Gazella_gazella,no_id,40.79166666666665,35.29166666666667,0,1429
1419,Gazella_gazella,no_id,31.291666666666657,24.20833333333334,0,1430
1420,Gazella_gazella,no_id,44.20833333333332,32.45833333333334,0,1431
1421,Gazella_gazella,no_id,40.45833333333332,40.04166666666667,0,1432
1422,Gazella_gazella,no_id,36.374999999999986,40.95833333333334,0,1433
1423,Gazella_gazella,no_id,42.54166666666665,36.87500000000001,0,1434
1424,Gazella_gazella,no_id,41.874999999999986,28.04166666666667,0,1435
1425,Gazella_gazella,no_id,33.374999999999986,39.70833333333334,0,1436
1426,Gazella_gazella,no_id,35.70833333333332,28.29166666666667,0,1437
1427,Gazella_gazella,no_id,39.04166666666665,31.54166666666667,0,1438
1428,Gazella_gazella,no_id,43.45833333333332,35.95833333333334,0,1439
1429,Gazella_gazella,no_id,35.54166666666665,33.79166666666667,0,1440
1430,Gazella_gazella,no_id,27.124999999999993,29.20833333333334,0,1441
1431,Gazella_gazella,no_id,36.874999999999986,28.95833333333334,0,1442
1432,Gazella_gazella,no_id,44.70833333333332,34.79166666666667,0,1443
1433,Gazella_gazella,no_id,32.20833333333332,28.04166666666667,0,1444
1434,Gazella_gazella,no_id,37.624999999999986,25.70833333333334,0,1445
1435,Gazella_gazella,no_id,34.29166666666665,24.625000000000004,0,1446
1436,Gazella_gazella,no_id,28.708333333333325,38.54166666666667,0,1447
1437,Gazella_gazella,no_id,41.04166666666665,35.12500000000001,0,1448
1438,Gazella_gazella,no_id,43.04166666666665,27.375000000000004,0,1449
1439,Gazella_gazella,no_id,35.45833333333332,38.37500000000001,0,1450
1440,Gazella_gazella,no_id,39.54166666666665,26.79166666666667,0,1451
1441,Gazella_gazella,no_id,29.62499999999999,30.20833333333334,0,1452
1442,Gazella_gazella,no_id,30.708333333333325,27.45833333333334,0,1453
1443,Gazella_gazella,no_id,38.70833333333332,24.625000000000004,0,1454
1444,Gazella_gazella,no_id,44.79166666666665,37.29166666666667,0,1455
1445,Gazella_gazella,no_id,35.20833333333332,31.625000000000004,0,1456
1446,Gazella_gazella,no_id,36.624999999999986,27.04166666666667,0,1457
1447,Gazella_gazella,no_id,40.29166666666665,30.95833333333334,0,1458
1448,Gazella_gazella,no_id,37.29166666666665,28.04166666666667,0,1459
1449,Gazella_gazella,no_id,27.374999999999993,25.625000000000004,0,1460
1450,Gazella_gazella,no_id,27.958333333333325,37.12500000000001,0,1461
1451,Gazella_gazella,no_id,24.624999999999993,31.79166666666667,0,1462
1452,Gazella_gazella,no_id,40.29166666666665,24.875000000000004,0,1463
1453,Gazella_gazella,no_id,42.124999999999986,31.45833333333334,0,1464
1454,Gazella_gazella,no_id,31.291666666666657,23.79166666666667,0,1465
1455,Gazella_gazella,no_id,39.54166666666665,31.95833333333334,0,1466
1456,Gazella_gazella,no_id,36.54166666666665,26.79166666666667,0,1467
1457,Gazella_gazella,no_id,40.20833333333332,26.54166666666667,0,1468
1458,Gazella_gazella,no_id,35.20833333333332,36.87500000000001,0,1469
1459,Gazella_gazella,no_id,28.208333333333325,31.04166666666667,0,1470
1460,Gazella_gazella,no_id,36.70833333333332,26.625000000000004,0,1471
1461,Gazella_gazella,no_id,33.04166666666665,39.87500000000001,0,1472
1462,Gazella_gazella,no_id,38.79166666666665,37.12500000000001,0,1473
1463,Gazella_gazella,no_id,34.124999999999986,24.125000000000004,0,1474
1464,Gazella_gazella,no_id,33.624999999999986,26.95833333333334,0,1475
1465,Gazella_gazella,no_id,36.624999999999986,27.70833333333334,0,1476
1466,Gazella_gazella,no_id,34.124999999999986,29.20833333333334,0,1477
1467,Gazella_gazella,no_id,41.374999999999986,28.95833333333334,0,1478
1468,Gazella_gazella,no_id,36.45833333333332,30.125000000000004,0,1479
1469,Gazella_gazella,no_id,38.79166666666665,26.79166666666667,0,1480
1470,Gazella_gazella,no_id,32.79166666666665,36.95833333333334,0,1481
1471,Gazella_gazella,no_id,32.124999999999986,29.54166666666667,0,1482
1472,Gazella_gazella,no_id,30.541666666666657,23.79166666666667,0,1483
1473,Gazella_gazella,no_id,34.54166666666665,39.54166666666667,0,1484
