,gbif_id,taxon_name,decimal_latitude,decimal_longitude,coordinates,present/pseudo_absent
0,371698213,Tapirus bairdii,17.483,-92.046,POINT (-92.04600000000001 17.483),1
1,665784982,Tapirus bairdii,15.266667000000002,-89.099998,POINT (-89.099998 15.266667),1
2,1211971728,Tapirus bairdii,8.585722,-83.469646,POINT (-83.469646 8.585722000000001),1
3,371698261,Tapirus bairdii,16.107,-90.95100000000001,POINT (-90.95100000000001 16.107),1
4,1836597722,Tapirus bairdii,8.515747,-83.528039,POINT (-83.52803900000001 8.515746999999999),1
5,1423171039,Tapirus bairdii,18.416667,-88.783333,POINT (-88.783333 18.416667),1
6,1894601823,Tapirus bairdii,18.429167,-88.701944,POINT (-88.701944 18.429167),1
7,1703211882,Tapirus bairdii,10.105678999999999,-84.07632,POINT (-84.07632 10.105679),1
8,1893329933,Tapirus bairdii,18.257939,-89.041622,POINT (-89.041622 18.257939),1
9,1898048883,Tapirus bairdii,18.61,-89.26527800000001,POINT (-89.26527800000001 18.61),1
10,1807278687,Tapirus bairdii,16.109898,-90.909293,POINT (-90.90929300000001 16.109898),1
11,1457619358,Tapirus bairdii,8.526176,-83.475475,POINT (-83.475475 8.526176),1
12,371698220,Tapirus bairdii,17.367,-94.71700000000001,POINT (-94.71700000000001 17.367),1
13,1807324770,Tapirus bairdii,8.583467,-83.47270999999999,POINT (-83.47270999999999 8.583467000000001),1
14,1893329954,Tapirus bairdii,18.246878,-89.087383,POINT (-89.087383 18.246878),1
15,1806350751,Tapirus bairdii,8.442941000000001,-83.41339599999999,POINT (-83.41339599999999 8.442941000000001),1
16,1893329918,Tapirus bairdii,18.276975,-89.059678,POINT (-89.05967800000001 18.276975),1
17,1806339152,Tapirus bairdii,8.57361,-83.465653,POINT (-83.465653 8.57361),1
18,1098920962,Tapirus bairdii,18.618814999999998,-89.202368,POINT (-89.20236800000001 18.618815),1
19,1562982166,Tapirus bairdii,17.303882,-91.275536,POINT (-91.275536 17.303882),1
20,1455572083,Tapirus bairdii,18.527247,-88.926252,POINT (-88.92625200000001 18.527247),1
21,1423182614,Tapirus bairdii,17.173610999999998,-93.841667,POINT (-93.841667 17.173611),1
22,923541200,Tapirus bairdii,8.444865,-83.528023,POINT (-83.528023 8.444865),1
23,1212004441,Tapirus bairdii,8.427116,-83.424669,POINT (-83.42466899999999 8.427116),1
24,1847510493,Tapirus bairdii,8.481853,-83.545622,POINT (-83.54562199999999 8.481852999999999),1
25,1453342334,Tapirus bairdii,8.552673,-83.590354,POINT (-83.590354 8.552673),1
26,1893329872,Tapirus bairdii,18.234228,-89.015072,POINT (-89.015072 18.234228),1
27,923922787,Tapirus bairdii,8.471917999999999,-83.485943,POINT (-83.48594300000001 8.471917999999999),1
28,1423203806,Tapirus bairdii,17.366667,-94.716667,POINT (-94.716667 17.366667),1
29,1500314637,Tapirus bairdii,8.520624,-83.533001,POINT (-83.533001 8.520624),1
30,1562971171,Tapirus bairdii,8.579659,-83.558104,POINT (-83.558104 8.579658999999999),1
31,1890049568,Tapirus bairdii,8.519965,-83.411831,POINT (-83.41183100000001 8.519964999999999),1
32,1668912958,Tapirus bairdii,8.480183,-83.589821,POINT (-83.589821 8.480183),1
33,1571157220,Tapirus bairdii,8.599849,-83.47019499999999,POINT (-83.47019499999999 8.599849000000001),1
34,686368796,Tapirus bairdii,17.3593401239556,-94.7619376021009,POINT (-94.7619376021009 17.3593401239556),1
35,1417796892,Tapirus bairdii,18.445833,-88.790555,POINT (-88.790555 18.445833),1
36,1893329905,Tapirus bairdii,18.251639,-89.047028,POINT (-89.047028 18.251639),1
37,1897385233,Tapirus bairdii,18.418023,-89.296059,POINT (-89.296059 18.418023),1
38,1893329881,Tapirus bairdii,18.251897,-89.046961,POINT (-89.046961 18.251897),1
39,1893460066,Tapirus bairdii,17.437222,-95.026944,POINT (-95.026944 17.437222),1
40,1893329853,Tapirus bairdii,18.277,-89.060806,POINT (-89.060806 18.277),1
41,1418625869,Tapirus bairdii,16.112573,-90.941068,POINT (-90.941068 16.112573),1
42,686354016,Tapirus bairdii,17.3207310925987,-94.7258256347678,POINT (-94.7258256347678 17.3207310925987),1
43,1802705381,Tapirus bairdii,15.892885,-92.92443,POINT (-92.92443 15.892885),1
44,1211824402,Tapirus bairdii,17.766667,-88.366667,POINT (-88.36666700000001 17.766667),1
45,371698501,Tapirus bairdii,17.509,-91.98100000000001,POINT (-91.98100000000001 17.509),1
46,1306575363,Tapirus bairdii,10.014132,-83.998091,POINT (-83.998091 10.014132),1
47,1893329906,Tapirus bairdii,16.120053,-90.817672,POINT (-90.817672 16.120053),1
48,1893329926,Tapirus bairdii,16.149972,-90.896556,POINT (-90.896556 16.149972),1
49,1893329894,Tapirus bairdii,16.129483,-90.884331,POINT (-90.884331 16.129483),1
50,1893329904,Tapirus bairdii,16.120953,-90.820453,POINT (-90.820453 16.120953),1
51,1893329911,Tapirus bairdii,16.123075,-90.820369,POINT (-90.820369 16.123075),1
52,1893329890,Tapirus bairdii,16.13915,-90.828575,POINT (-90.828575 16.13915),1
53,1893329946,Tapirus bairdii,16.120008,-90.823375,POINT (-90.823375 16.120008),1
54,1893329892,Tapirus bairdii,16.12185,-90.819508,POINT (-90.819508 16.12185),1
55,1253299936,Tapirus bairdii,16.187425,-90.866224,POINT (-90.866224 16.187425),1
56,1893329878,Tapirus bairdii,16.127447,-90.826025,POINT (-90.826025 16.127447),1
57,1893329927,Tapirus bairdii,16.120433,-90.813106,POINT (-90.813106 16.120433),1
58,1135355602,Tapirus bairdii,16.104522,-90.876476,POINT (-90.876476 16.104522),1
59,1893329869,Tapirus bairdii,16.125135999999998,-90.823722,POINT (-90.823722 16.125136),1
60,1893329935,Tapirus bairdii,16.118160999999997,-90.888414,POINT (-90.888414 16.118161),1
61,1572395889,Tapirus bairdii,16.118164,-90.823045,POINT (-90.82304499999999 16.118164),1
62,197227777,Tapirus bairdii,17.246,-90.54700000000001,POINT (-90.54700000000001 17.246),1
63,1893329870,Tapirus bairdii,16.158444,-90.90141700000001,POINT (-90.90141700000001 16.158444),1
64,1893329868,Tapirus bairdii,16.124903,-90.82552199999999,POINT (-90.82552199999999 16.124903),1
65,1893329928,Tapirus bairdii,16.120953,-90.820444,POINT (-90.82044399999999 16.120953),1
66,371699775,Tapirus bairdii,16.158,-90.902,POINT (-90.902 16.158),1
67,1571114949,Tapirus bairdii,14.832903,-84.46869699999999,POINT (-84.46869699999999 14.832903),1
68,1898048867,Tapirus bairdii,16.55,-91.05,POINT (-91.05 16.55),1
69,1249271567,Tapirus bairdii,11.004526,-83.97206,POINT (-83.97206 11.004526),1
70,1893329912,Tapirus bairdii,17.14115,-94.22013299999999,POINT (-94.22013299999999 17.14115),1
71,1893329931,Tapirus bairdii,15.833997,-93.03496899999999,POINT (-93.03496899999999 15.833997),1
72,1423205970,Tapirus bairdii,16.324722,-93.903611,POINT (-93.903611 16.324722),1
73,1677308773,Tapirus bairdii,16.095556,-93.628362,POINT (-93.628362 16.095556),1
74,919422071,Tapirus bairdii,10.584429105206,-83.533042779295,POINT (-83.533042779295 10.584429105206),1
75,1249271558,Tapirus bairdii,11.078531,-84.04926800000001,POINT (-84.04926800000001 11.078531),1
76,1893329889,Tapirus bairdii,17.200222,-94.041433,POINT (-94.041433 17.200222),1
77,686422834,Tapirus bairdii,17.9440458371195,-89.9984928996731,POINT (-89.9984928996731 17.9440458371195),1
78,1893329849,Tapirus bairdii,17.140844,-94.22296700000001,POINT (-94.22296700000001 17.140844),1
79,1848764808,Tapirus bairdii,17.455881,-96.138424,POINT (-96.138424 17.455881),1
80,371698491,Tapirus bairdii,16.717,-91.117,POINT (-91.117 16.717),1
81,1895583637,Tapirus bairdii,16.300361,-90.876667,POINT (-90.876667 16.300361),1
82,1893329836,Tapirus bairdii,16.911027999999998,-93.590583,POINT (-93.590583 16.911028),1
83,1455591332,Tapirus bairdii,19.007222,-88.394594,POINT (-88.394594 19.007222),1
84,1893329871,Tapirus bairdii,15.83025,-93.0515,POINT (-93.0515 15.83025),1
85,1893581392,Tapirus bairdii,16.786111,-91.138889,POINT (-91.13888900000001 16.786111),1
86,1893329838,Tapirus bairdii,18.306564,-89.857844,POINT (-89.857844 18.306564),1
87,1668798716,Tapirus bairdii,10.282691999999999,-84.112752,POINT (-84.112752 10.282692),1
88,1269538154,Tapirus bairdii,15.880364000000002,-93.131845,POINT (-93.131845 15.880364),1
89,45909500,Tapirus bairdii,16.874000000000002,-88.95,POINT (-88.95 16.874),1
90,1893329934,Tapirus bairdii,18.645639000000003,-89.885361,POINT (-89.885361 18.645639),1
91,1893329955,Tapirus bairdii,17.198056,-94.046111,POINT (-94.046111 17.198056),1
92,1807320422,Tapirus bairdii,18.287913,-89.853264,POINT (-89.853264 18.287913),1
93,1837795020,Tapirus bairdii,17.316216,-95.705264,POINT (-95.705264 17.316216),1
94,371699780,Tapirus bairdii,16.831,-91.154,POINT (-91.154 16.831),1
95,1423194961,Tapirus bairdii,16.556110999999998,-91.05583299999999,POINT (-91.05583299999999 16.556111),1
96,1249271564,Tapirus bairdii,11.026472,-83.837785,POINT (-83.837785 11.026472),1
97,1417814847,Tapirus bairdii,19.578611,-88.045278,POINT (-88.045278 19.578611),1
98,783993890,Tapirus bairdii,16.87,-88.66,POINT (-88.66 16.87),1
99,1893329864,Tapirus bairdii,17.122031,-94.222475,POINT (-94.222475 17.122031),1
100,1893329947,Tapirus bairdii,17.251694,-94.37647199999999,POINT (-94.37647199999999 17.251694),1
101,1893329916,Tapirus bairdii,15.833917000000001,-93.04633299999999,POINT (-93.04633299999999 15.833917),1
102,1893329893,Tapirus bairdii,19.305556,-88.052767,POINT (-88.052767 19.305556),1
103,1893581398,Tapirus bairdii,16.812778,-91.3075,POINT (-91.3075 16.812778),1
104,1893581452,Tapirus bairdii,16.74,-91.195,POINT (-91.19499999999999 16.74),1
105,1893329907,Tapirus bairdii,15.837278,-93.043111,POINT (-93.043111 15.837278),1
106,1306575540,Tapirus bairdii,18.532973000000002,-89.929461,POINT (-89.929461 18.532973),1
107,686354017,Tapirus bairdii,17.233271938496802,-94.5001440364683,POINT (-94.5001440364683 17.2332719384968),1
108,1418626479,Tapirus bairdii,17.907410000000002,-89.689961,POINT (-89.689961 17.90741),1
109,1893329863,Tapirus bairdii,17.212703,-94.03545,POINT (-94.03545 17.212703),1
110,1249271566,Tapirus bairdii,11.044897,-84.125748,POINT (-84.125748 11.044897),1
111,1894240869,Tapirus bairdii,18.058332999999998,-89.958333,POINT (-89.958333 18.058333),1
112,1122960071,Tapirus bairdii,18.146361,-89.601203,POINT (-89.601203 18.146361),1
113,1418625032,Tapirus bairdii,18.643769,-89.322386,POINT (-89.32238599999999 18.643769),1
114,1893329837,Tapirus bairdii,16.161861,-90.914139,POINT (-90.91413900000001 16.161861),1
115,1893329932,Tapirus bairdii,15.866278,-93.047306,POINT (-93.04730600000001 15.866278),1
116,1098907683,Tapirus bairdii,17.950544,-89.581664,POINT (-89.581664 17.950544),1
117,1893329909,Tapirus bairdii,18.651583,-89.88972199999999,POINT (-89.88972199999999 18.651583),1
118,1893329915,Tapirus bairdii,15.859832999999998,-93.04169399999999,POINT (-93.04169399999999 15.859833),1
119,1249301892,Tapirus bairdii,16.598938,-91.021473,POINT (-91.021473 16.598938),1
120,1562953346,Tapirus bairdii,15.656413,-92.63333,POINT (-92.63333 15.656413),1
121,1893329850,Tapirus bairdii,15.838222,-93.042333,POINT (-93.042333 15.838222),1
122,1893329903,Tapirus bairdii,17.124461,-94.217703,POINT (-94.217703 17.124461),1
123,1438802140,Tapirus bairdii,16.892261465271403,-90.95662402532079,POINT (-90.95662402532079 16.8922614652714),1
124,1893581424,Tapirus bairdii,16.708889000000003,-91.065278,POINT (-91.06527800000001 16.708889),1
125,1893329860,Tapirus bairdii,17.118906,-94.216853,POINT (-94.216853 17.118906),1
126,919434297,Tapirus bairdii,17.77,-88.87,POINT (-88.87 17.77),1
127,371698330,Tapirus bairdii,19.217,-88.03299999999999,POINT (-88.03299999999999 19.217),1
128,1898826169,Tapirus bairdii,15.749165,-92.97948000000001,POINT (-92.97948000000001 15.749165),1
129,1894733375,Tapirus bairdii,16.21,-93.590556,POINT (-93.59055600000001 16.21),1
130,1893329888,Tapirus bairdii,17.134222,-94.216639,POINT (-94.216639 17.134222),1
131,1249301947,Tapirus bairdii,9.010646000000001,-82.88243,POINT (-82.88243 9.010646000000001),1
132,1893329879,Tapirus bairdii,19.284122,-88.034661,POINT (-88.034661 19.284122),1
133,1423221498,Tapirus bairdii,16.722222,-91.07777800000001,POINT (-91.07777800000001 16.722222),1
134,1249271562,Tapirus bairdii,11.000669,-84.029205,POINT (-84.029205 11.000669),1
135,1893329874,Tapirus bairdii,17.203917,-94.035611,POINT (-94.035611 17.203917),1
136,1850915754,Tapirus bairdii,18.714114000000002,-89.386524,POINT (-89.38652399999999 18.714114),1
137,1249271561,Tapirus bairdii,11.112499,-84.004852,POINT (-84.004852 11.112499),1
138,1898048908,Tapirus bairdii,16.163611,-90.918611,POINT (-90.918611 16.163611),1
139,1423183628,Tapirus bairdii,16.3625,-93.925833,POINT (-93.925833 16.3625),1
140,1893329895,Tapirus bairdii,17.206589,-94.030072,POINT (-94.030072 17.206589),1
141,371698278,Tapirus bairdii,16.733,-91.18299999999999,POINT (-91.18299999999999 16.733),1
142,1893329925,Tapirus bairdii,18.644861,-89.879278,POINT (-89.879278 18.644861),1
143,45909855,Tapirus bairdii,10.485104417482699,-83.4927116235022,POINT (-83.4927116235022 10.4851044174827),1
144,1893329856,Tapirus bairdii,17.238278,-94.396556,POINT (-94.396556 17.238278),1
145,1893329919,Tapirus bairdii,17.137819,-94.227131,POINT (-94.227131 17.137819),1
146,1423188331,Tapirus bairdii,15.726110999999998,-92.975,POINT (-92.97499999999999 15.726111),1
147,1893329896,Tapirus bairdii,17.249417,-94.388917,POINT (-94.38891700000001 17.249417),1
148,371698297,Tapirus bairdii,18.233,-89.75,POINT (-89.75 18.233),1
149,1423196121,Tapirus bairdii,17.05,-94.583333,POINT (-94.583333 17.05),1
150,1893329920,Tapirus bairdii,17.118375,-94.217019,POINT (-94.21701899999999 17.118375),1
151,1893329891,Tapirus bairdii,19.298582999999997,-88.035539,POINT (-88.035539 19.298583),1
152,1249271565,Tapirus bairdii,11.159214,-84.096308,POINT (-84.09630799999999 11.159214),1
153,1848763333,Tapirus bairdii,17.228247,-96.103268,POINT (-96.103268 17.228247),1
154,1893329880,Tapirus bairdii,18.184383,-89.747489,POINT (-89.747489 18.184383),1
155,1500226862,Tapirus bairdii,10.252017,-84.015904,POINT (-84.01590400000001 10.252017),1
156,1423204670,Tapirus bairdii,18.65,-89.416667,POINT (-89.416667 18.65),1
157,1099970507,Tapirus bairdii,18.002499,-89.659017,POINT (-89.65901700000001 18.002499),1
158,197226594,Tapirus bairdii,16.358,-89.125,POINT (-89.125 16.358),1
159,1850915432,Tapirus bairdii,16.006921,-93.555817,POINT (-93.555817 16.006921),1
160,1893329882,Tapirus bairdii,16.164583,-90.91516700000001,POINT (-90.91516700000001 16.164583),1
161,1893329923,Tapirus bairdii,17.133481,-94.202772,POINT (-94.202772 17.133481),1
162,1893329901,Tapirus bairdii,17.133436,-94.217667,POINT (-94.21766700000001 17.133436),1
163,1893329930,Tapirus bairdii,19.304585999999997,-88.068986,POINT (-88.068986 19.304586),1
164,1893329950,Tapirus bairdii,17.124461,-94.21933299999999,POINT (-94.21933299999999 17.124461),1
165,371698312,Tapirus bairdii,21.033,-87.48299999999999,POINT (-87.48299999999999 21.033),1
166,1269539198,Tapirus bairdii,17.23617,-91.36737,POINT (-91.36736999999999 17.23617),1
167,1893329883,Tapirus bairdii,18.752653,-89.75265300000001,POINT (-89.75265300000001 18.752653),1
168,1249271560,Tapirus bairdii,11.19219,-84.05676899999999,POINT (-84.05676899999999 11.19219),1
169,1837064886,Tapirus bairdii,10.272938,-83.909037,POINT (-83.909037 10.272938),1
170,1894733275,Tapirus bairdii,15.656944000000001,-92.8075,POINT (-92.8075 15.656944),1
171,1893329898,Tapirus bairdii,18.319156,-89.871844,POINT (-89.871844 18.319156),1
172,891090451,Tapirus bairdii,10.339496,-83.439435,POINT (-83.439435 10.339496),1
173,1880461841,Tapirus bairdii,16.706919,-88.556751,POINT (-88.55675100000001 16.706919),1
174,1893329848,Tapirus bairdii,16.168936,-90.913783,POINT (-90.913783 16.168936),1
175,1024218350,Tapirus bairdii,16.358214999999998,-90.921766,POINT (-90.92176600000001 16.358215),1
176,1269582203,Tapirus bairdii,18.321341,-89.950285,POINT (-89.95028499999999 18.321341),1
177,1249271563,Tapirus bairdii,11.144335,-83.960522,POINT (-83.960522 11.144335),1
178,1893329865,Tapirus bairdii,17.122111,-94.22219399999999,POINT (-94.22219399999999 17.122111),1
179,1677344590,Tapirus bairdii,15.893144,-92.992145,POINT (-92.99214499999999 15.893144),1
180,1913148673,Tapirus bairdii,10.67732,-84.147624,POINT (-84.14762399999999 10.67732),1
181,371699487,Tapirus bairdii,19.224,-88.101,POINT (-88.101 19.224),1
182,1831232754,Tapirus bairdii,16.450878,-88.62424,POINT (-88.62424 16.450878),1
183,1898048885,Tapirus bairdii,16.716667,-91.083333,POINT (-91.083333 16.716667),1
184,1417813763,Tapirus bairdii,18.674444,-89.371111,POINT (-89.371111 18.674444),1
185,371698505,Tapirus bairdii,16.805999999999997,-91.439,POINT (-91.43899999999999 16.806),1
186,1893329897,Tapirus bairdii,17.117960999999998,-94.217117,POINT (-94.217117 17.117961),1
187,1065584412,Tapirus bairdii,11.079033,-84.163258,POINT (-84.163258 11.079033),1
188,1262369159,Tapirus bairdii,16.845839,-88.984489,POINT (-88.984489 16.845839),1
189,371698257,Tapirus bairdii,15.582,-92.851,POINT (-92.851 15.582),1
190,1893329900,Tapirus bairdii,17.134361,-94.224586,POINT (-94.224586 17.134361),1
191,371699778,Tapirus bairdii,16.735,-91.331,POINT (-91.331 16.735),1
192,1893329924,Tapirus bairdii,17.249111,-94.389139,POINT (-94.389139 17.249111),1
193,1893329913,Tapirus bairdii,18.651583,-89.89116700000001,POINT (-89.89116700000001 18.651583),1
194,1893329914,Tapirus bairdii,17.205197000000002,-94.035317,POINT (-94.03531700000001 17.205197),1
195,1893581446,Tapirus bairdii,16.31,-93.8725,POINT (-93.8725 16.31),1
196,1249302152,Tapirus bairdii,10.412011,-83.45859200000001,POINT (-83.45859200000001 10.412011),1
197,1249271559,Tapirus bairdii,11.041421000000001,-84.164088,POINT (-84.16408800000001 11.041421),1
198,1065584416,Tapirus bairdii,11.189663000000001,-83.874302,POINT (-83.874302 11.189663),1
199,1893329910,Tapirus bairdii,17.212231,-94.035983,POINT (-94.035983 17.212231),1
200,1893329908,Tapirus bairdii,17.204444,-94.03666700000001,POINT (-94.03666700000001 17.204444),1
201,371698213,Tapirus bairdii,17.41899738123031,-88.68095416989024,POINT (-88.68095416989024 17.41899738123031),0
202,665784982,Tapirus bairdii,19.098045465789077,-97.82395514871507,POINT (-97.82395514871507 19.09804546578908),0
203,1211971728,Tapirus bairdii,18.888984302680885,-94.39149948678312,POINT (-94.39149948678312 18.88898430268089),0
204,371698261,Tapirus bairdii,10.611399720481199,-93.48685196794678,POINT (-93.48685196794678 10.6113997204812),0
205,1836597722,Tapirus bairdii,17.74987687490085,-99.07682012399627,POINT (-99.07682012399627 17.74987687490085),0
206,1423171039,Tapirus bairdii,16.61477060827298,-104.68803182144698,POINT (-104.688031821447 16.61477060827298),0
207,1894601823,Tapirus bairdii,11.974390904463604,-78.35598831659651,POINT (-78.35598831659651 11.9743909044636),0
208,1703211882,Tapirus bairdii,18.867471370691334,-80.43442183528585,POINT (-80.43442183528585 18.86747137069133),0
209,1893329933,Tapirus bairdii,6.9737941765074485,-81.08446486201709,POINT (-81.08446486201709 6.973794176507448),0
210,1898048883,Tapirus bairdii,6.071501535076019,-79.82894462359803,POINT (-79.82894462359803 6.071501535076019),0
211,1807278687,Tapirus bairdii,14.972732746119153,-78.16767516041963,POINT (-78.16767516041963 14.97273274611915),0
212,1457619358,Tapirus bairdii,8.71283987059407,-90.10376005644076,POINT (-90.10376005644076 8.71283987059407),0
213,371698220,Tapirus bairdii,20.41692309633841,-97.29023614345542,POINT (-97.29023614345542 20.41692309633841),0
214,1807324770,Tapirus bairdii,17.627166458811462,-88.97599406300982,POINT (-88.97599406300982 17.62716645881146),0
215,1893329954,Tapirus bairdii,9.603376909269818,-78.2914339709559,POINT (-78.29143397095589 9.603376909269818),0
216,1806350751,Tapirus bairdii,17.19449881451837,-84.79139863187747,POINT (-84.79139863187747 17.19449881451837),0
217,1893329918,Tapirus bairdii,11.985425046473114,-88.76282137380747,POINT (-88.76282137380747 11.98542504647311),0
218,1806339152,Tapirus bairdii,15.007695417843841,-104.4932886207161,POINT (-104.4932886207161 15.00769541784384),0
219,1098920962,Tapirus bairdii,17.34580269649614,-77.84854173232914,POINT (-77.84854173232914 17.34580269649614),0
220,1562982166,Tapirus bairdii,21.324291849244606,-79.13133748721916,POINT (-79.13133748721916 21.32429184924461),0
221,1455572083,Tapirus bairdii,6.831710650263454,-84.8002737587198,POINT (-84.8002737587198 6.831710650263454),0
222,1423182614,Tapirus bairdii,21.8891235201975,-84.67057630176362,POINT (-84.67057630176362 21.8891235201975),0
223,923541200,Tapirus bairdii,23.654005231776,-95.89407513653347,POINT (-95.89407513653347 23.654005231776),0
224,1212004441,Tapirus bairdii,25.596349298511154,-85.84524695944314,POINT (-85.84524695944314 25.59634929851115),0
225,1847510493,Tapirus bairdii,17.71439796713526,-101.84953557884188,POINT (-101.8495355788419 17.71439796713526),0
226,1453342334,Tapirus bairdii,4.558232606541354,-79.79320563384525,POINT (-79.79320563384525 4.558232606541354),0
227,1893329872,Tapirus bairdii,16.381997903078595,-92.91300036037536,POINT (-92.91300036037536 16.3819979030786),0
228,923922787,Tapirus bairdii,13.498175937505895,-83.85000111362332,POINT (-83.85000111362332 13.49817593750589),0
229,1423203806,Tapirus bairdii,15.4369343185176,-77.36113780626086,POINT (-77.36113780626086 15.4369343185176),0
230,1500314637,Tapirus bairdii,18.8574797405508,-101.49089446028944,POINT (-101.4908944602894 18.8574797405508),0
231,1562971171,Tapirus bairdii,9.13074782576848,-92.25241604100833,POINT (-92.25241604100833 9.130747825768481),0
232,1890049568,Tapirus bairdii,13.99149922582276,-94.948960129713,POINT (-94.948960129713 13.99149922582276),0
233,1668912958,Tapirus bairdii,14.226934617073418,-90.58447619877128,POINT (-90.58447619877128 14.22693461707342),0
234,1571157220,Tapirus bairdii,13.099392473292777,-83.72805072966105,POINT (-83.72805072966105 13.09939247329278),0
235,686368796,Tapirus bairdii,13.88561818551337,-85.71169253826997,POINT (-85.71169253826997 13.88561818551337),0
236,1417796892,Tapirus bairdii,19.86093819595546,-83.31264913304672,POINT (-83.31264913304672 19.86093819595546),0
237,1893329905,Tapirus bairdii,10.107456213557647,-89.79957644968921,POINT (-89.79957644968921 10.10745621355765),0
238,1897385233,Tapirus bairdii,16.643137193535313,-83.69693643969427,POINT (-83.69693643969427 16.64313719353531),0
239,1893329881,Tapirus bairdii,13.064959593285788,-92.31187711628236,POINT (-92.31187711628236 13.06495959328579),0
240,1893460066,Tapirus bairdii,20.50686946707185,-102.12396419930587,POINT (-102.1239641993059 20.50686946707185),0
241,1893329853,Tapirus bairdii,16.169792679829637,-85.79765819001193,POINT (-85.79765819001193 16.16979267982964),0
242,1418625869,Tapirus bairdii,19.94359979671353,-95.97100166395799,POINT (-95.97100166395799 19.94359979671353),0
243,686354016,Tapirus bairdii,7.040464991295098,-86.84043302266882,POINT (-86.84043302266882 7.040464991295098),0
244,1802705381,Tapirus bairdii,16.78731267188575,-80.87718550940139,POINT (-80.87718550940139 16.78731267188575),0
245,1211824402,Tapirus bairdii,17.168978367396097,-82.88050119440044,POINT (-82.88050119440044 17.1689783673961),0
246,371698501,Tapirus bairdii,14.004324215157663,-93.7839638182696,POINT (-93.7839638182696 14.00432421515766),0
247,1306575363,Tapirus bairdii,18.512746918364968,-91.91469193257403,POINT (-91.91469193257403 18.51274691836497),0
248,1893329906,Tapirus bairdii,19.726302356953923,-97.6758368466395,POINT (-97.6758368466395 19.72630235695392),0
249,1893329926,Tapirus bairdii,14.641305594573588,-81.98568558338388,POINT (-81.98568558338388 14.64130559457359),0
250,1893329894,Tapirus bairdii,12.432802843731643,-100.38924484671178,POINT (-100.3892448467118 12.43280284373164),0
251,1893329904,Tapirus bairdii,19.98332440358024,-81.84450673729638,POINT (-81.84450673729638 19.98332440358024),0
252,1893329911,Tapirus bairdii,22.736816313671557,-89.71935505957988,POINT (-89.71935505957988 22.73681631367156),0
253,1893329890,Tapirus bairdii,17.385488394536182,-89.30040163636961,POINT (-89.30040163636961 17.38548839453618),0
254,1893329946,Tapirus bairdii,5.468921902110644,-75.83491026076447,POINT (-75.83491026076447 5.468921902110644),0
255,1893329892,Tapirus bairdii,15.392465350291378,-97.86159603440376,POINT (-97.86159603440376 15.39246535029138),0
256,1253299936,Tapirus bairdii,8.601987243109006,-90.33337379879093,POINT (-90.33337379879093 8.601987243109006),0
257,1893329878,Tapirus bairdii,4.58724246659048,-89.23296389056938,POINT (-89.23296389056938 4.58724246659048),0
258,1893329927,Tapirus bairdii,14.979664104859857,-79.5497270989529,POINT (-79.5497270989529 14.97966410485986),0
259,1135355602,Tapirus bairdii,4.515374806588818,-86.45947182268141,POINT (-86.45947182268141 4.515374806588818),0
260,1893329869,Tapirus bairdii,24.470781529453415,-85.35148553186157,POINT (-85.35148553186157 24.47078152945342),0
261,1893329935,Tapirus bairdii,15.196885997821685,-98.7223152640597,POINT (-98.7223152640597 15.19688599782168),0
262,1572395889,Tapirus bairdii,20.3309148903266,-100.22443597611742,POINT (-100.2244359761174 20.3309148903266),0
263,197227777,Tapirus bairdii,9.949095579672111,-90.87548929534813,POINT (-90.87548929534813 9.949095579672111),0
264,1893329870,Tapirus bairdii,21.05656018131231,-96.27179850019195,POINT (-96.27179850019195 21.05656018131231),0
265,1893329868,Tapirus bairdii,14.537951380661106,-87.36048613543673,POINT (-87.36048613543673 14.53795138066111),0
266,1893329928,Tapirus bairdii,13.44781429921444,-97.08355134534786,POINT (-97.08355134534786 13.44781429921444),0
267,371699775,Tapirus bairdii,16.45390816402877,-99.576478948969,POINT (-99.576478948969 16.45390816402877),0
268,1571114949,Tapirus bairdii,12.922844506875546,-101.55224384434567,POINT (-101.5522438443457 12.92284450687555),0
269,1898048867,Tapirus bairdii,16.9365106202009,-79.92591272611666,POINT (-79.92591272611666 16.9365106202009),0
270,1249271567,Tapirus bairdii,14.857431350143152,-79.6963697428076,POINT (-79.6963697428076 14.85743135014315),0
271,1893329912,Tapirus bairdii,22.16162302476905,-85.89240492925406,POINT (-85.89240492925406 22.16162302476905),0
272,1893329931,Tapirus bairdii,17.503837328104133,-89.69111981817072,POINT (-89.69111981817072 17.50383732810413),0
273,1423205970,Tapirus bairdii,22.477286586780114,-95.3981639559778,POINT (-95.39816395597779 22.47728658678011),0
274,1677308773,Tapirus bairdii,22.368449471443725,-83.92070802257342,POINT (-83.92070802257342 22.36844947144372),0
275,919422071,Tapirus bairdii,8.163661304817698,-92.2311401716693,POINT (-92.2311401716693 8.163661304817698),0
276,1249271558,Tapirus bairdii,13.4801493953032,-77.55315157534406,POINT (-77.55315157534406 13.4801493953032),0
277,1893329889,Tapirus bairdii,18.181333141428826,-81.13500156087817,POINT (-81.13500156087817 18.18133314142883),0
278,686422834,Tapirus bairdii,15.60411896035978,-100.43577333477846,POINT (-100.4357733347785 15.60411896035978),0
279,1893329849,Tapirus bairdii,14.44002379132425,-82.32683470252127,POINT (-82.32683470252127 14.44002379132425),0
280,1848764808,Tapirus bairdii,12.490989253710136,-81.88338107119495,POINT (-81.88338107119495 12.49098925371014),0
281,371698491,Tapirus bairdii,17.518150360183782,-96.77218129547195,POINT (-96.77218129547195 17.51815036018378),0
282,1895583637,Tapirus bairdii,23.921793173270803,-83.91783602538067,POINT (-83.91783602538067 23.9217931732708),0
283,1893329836,Tapirus bairdii,9.415503862897573,-79.67246109211854,POINT (-79.67246109211854 9.415503862897573),0
284,1455591332,Tapirus bairdii,6.480109811179198,-87.31214280128617,POINT (-87.31214280128617 6.480109811179198),0
285,1893329871,Tapirus bairdii,25.483387254657615,-86.7966177236175,POINT (-86.7966177236175 25.48338725465761),0
286,1893581392,Tapirus bairdii,24.854350721755264,-88.8546453914613,POINT (-88.8546453914613 24.85435072175526),0
287,1893329838,Tapirus bairdii,10.963682496918128,-97.22393195874386,POINT (-97.22393195874386 10.96368249691813),0
288,1668798716,Tapirus bairdii,18.9898166509934,-87.35234017274603,POINT (-87.35234017274603 18.9898166509934),0
289,1269538154,Tapirus bairdii,13.964750573400497,-79.93964217290831,POINT (-79.93964217290831 13.9647505734005),0
290,45909500,Tapirus bairdii,23.49086800206203,-88.74789469222851,POINT (-88.74789469222851 23.49086800206203),0
291,1893329934,Tapirus bairdii,19.781472416832305,-91.70453049928827,POINT (-91.70453049928827 19.7814724168323),0
292,1893329955,Tapirus bairdii,10.885477678146067,-90.86278057412875,POINT (-90.86278057412875 10.88547767814607),0
293,1807320422,Tapirus bairdii,4.021762248833088,-84.75932565813545,POINT (-84.75932565813545 4.021762248833088),0
294,1837795020,Tapirus bairdii,22.37322146867264,-95.3522670055203,POINT (-95.3522670055203 22.37322146867264),0
295,371699780,Tapirus bairdii,25.57557336597341,-85.97625555483222,POINT (-85.97625555483222 25.57557336597341),0
296,1423194961,Tapirus bairdii,18.266755067529502,-100.15320244135482,POINT (-100.1532024413548 18.2667550675295),0
297,1249271564,Tapirus bairdii,20.477518652928712,-82.6272485886892,POINT (-82.6272485886892 20.47751865292871),0
298,1417814847,Tapirus bairdii,12.401029594271584,-86.82676026909107,POINT (-86.82676026909107 12.40102959427158),0
299,783993890,Tapirus bairdii,20.719650044457435,-84.45344298798929,POINT (-84.45344298798929 20.71965004445743),0
300,1893329864,Tapirus bairdii,14.098133931600145,-83.44747808079163,POINT (-83.44747808079163 14.09813393160015),0
301,1893329947,Tapirus bairdii,6.5573617714121415,-83.27590528047696,POINT (-83.27590528047696 6.557361771412141),0
302,1893329916,Tapirus bairdii,18.575679646526652,-102.05591438843052,POINT (-102.0559143884305 18.57567964652665),0
303,1893329893,Tapirus bairdii,5.004959864532211,-90.26912259593621,POINT (-90.26912259593621 5.004959864532211),0
304,1893581398,Tapirus bairdii,13.255487467926322,-82.25738060233206,POINT (-82.25738060233206 13.25548746792632),0
305,1893581452,Tapirus bairdii,13.96480790482601,-88.72724454065428,POINT (-88.72724454065428 13.96480790482601),0
306,1893329907,Tapirus bairdii,10.705483084679155,-95.08719025444776,POINT (-95.08719025444776 10.70548308467916),0
307,1306575540,Tapirus bairdii,17.489618335172942,-100.54409481376499,POINT (-100.544094813765 17.48961833517294),0
308,686354017,Tapirus bairdii,12.835064824687077,-86.16451283139996,POINT (-86.16451283139996 12.83506482468708),0
309,1418626479,Tapirus bairdii,10.58160830984243,-74.83006160150329,POINT (-74.83006160150329 10.58160830984243),0
310,1893329863,Tapirus bairdii,18.974655951140832,-104.2308011907685,POINT (-104.2308011907685 18.97465595114083),0
311,1249271566,Tapirus bairdii,7.208393255173516,-81.2910602163557,POINT (-81.2910602163557 7.208393255173516),0
312,1894240869,Tapirus bairdii,10.073759927713613,-87.15491664942057,POINT (-87.15491664942057 10.07375992771361),0
313,1122960071,Tapirus bairdii,14.251971809196085,-78.7482652264714,POINT (-78.7482652264714 14.25197180919609),0
314,1418625032,Tapirus bairdii,12.39801897038964,-83.40178088885685,POINT (-83.40178088885685 12.39801897038964),0
315,1893329837,Tapirus bairdii,9.18711929150501,-75.36715977208488,POINT (-75.36715977208488 9.187119291505009),0
316,1893329932,Tapirus bairdii,15.084021857419657,-90.05876159830368,POINT (-90.05876159830368 15.08402185741966),0
317,1098907683,Tapirus bairdii,9.226389086733604,-82.40109092269594,POINT (-82.40109092269594 9.226389086733604),0
318,1893329909,Tapirus bairdii,8.721954522877738,-83.93130593143708,POINT (-83.93130593143708 8.721954522877738),0
319,1893329915,Tapirus bairdii,15.091615889421224,-84.14407213579751,POINT (-84.14407213579751 15.09161588942122),0
320,1249301892,Tapirus bairdii,17.737826889122132,-89.6534330717189,POINT (-89.65343307171889 17.73782688912213),0
321,1562953346,Tapirus bairdii,17.754986434937017,-105.27443922941235,POINT (-105.2744392294124 17.75498643493702),0
322,1893329850,Tapirus bairdii,13.828351846429527,-79.05082483448898,POINT (-79.05082483448898 13.82835184642953),0
323,1893329903,Tapirus bairdii,12.62541918783566,-87.16280885543948,POINT (-87.16280885543948 12.62541918783566),0
324,1438802140,Tapirus bairdii,18.291601031264456,-102.49278153578827,POINT (-102.4927815357883 18.29160103126446),0
325,1893581424,Tapirus bairdii,10.666590638323353,-84.36705369530182,POINT (-84.36705369530182 10.66659063832335),0
326,1893329860,Tapirus bairdii,8.190768599845267,-84.69089026096509,POINT (-84.69089026096509 8.190768599845267),0
327,919434297,Tapirus bairdii,4.299915694328763,-88.4551285908272,POINT (-88.4551285908272 4.299915694328763),0
328,371698330,Tapirus bairdii,10.831133175675529,-89.9140383242948,POINT (-89.91403832429479 10.83113317567553),0
329,1898826169,Tapirus bairdii,16.29558839791453,-99.46168927393943,POINT (-99.46168927393943 16.29558839791453),0
330,1894733375,Tapirus bairdii,2.3755313303306527,-81.96065354807824,POINT (-81.96065354807824 2.375531330330653),0
331,1893329888,Tapirus bairdii,12.504329133749586,-79.6293919094896,POINT (-79.6293919094896 12.50432913374959),0
332,1249301947,Tapirus bairdii,14.890913773329196,-92.8544286749741,POINT (-92.8544286749741 14.8909137733292),0
333,1893329879,Tapirus bairdii,6.468390508799637,-82.46526557313459,POINT (-82.46526557313459 6.468390508799637),0
334,1423221498,Tapirus bairdii,23.354378819092478,-90.88712725602001,POINT (-90.88712725602001 23.35437881909248),0
335,1249271562,Tapirus bairdii,13.027367292665456,-77.21094855431085,POINT (-77.21094855431085 13.02736729266546),0
336,1893329874,Tapirus bairdii,3.1732560161383474,-82.53094286039463,POINT (-82.53094286039463 3.173256016138347),0
337,1850915754,Tapirus bairdii,21.115688419964545,-92.0169687076014,POINT (-92.01696870760139 21.11568841996455),0
338,1249271561,Tapirus bairdii,12.490735446347973,-94.97567205934658,POINT (-94.97567205934658 12.49073544634797),0
339,1898048908,Tapirus bairdii,15.779620341826014,-97.23850201423144,POINT (-97.23850201423144 15.77962034182601),0
340,1423183628,Tapirus bairdii,2.7867645892891115,-84.26469277185893,POINT (-84.26469277185893 2.786764589289112),0
341,1893329895,Tapirus bairdii,21.936595732588312,-90.14116612547585,POINT (-90.14116612547585 21.93659573258831),0
342,371698278,Tapirus bairdii,13.456728509578664,-84.26342500533596,POINT (-84.26342500533596 13.45672850957866),0
343,1893329925,Tapirus bairdii,14.13230671187802,-78.72752757339033,POINT (-78.72752757339033 14.13230671187802),0
344,45909855,Tapirus bairdii,11.571791440979851,-80.61282967472093,POINT (-80.61282967472093 11.57179144097985),0
345,1893329856,Tapirus bairdii,21.702882181110482,-91.97928389912697,POINT (-91.97928389912697 21.70288218111048),0
346,1893329919,Tapirus bairdii,14.336649876360049,-87.20164871876386,POINT (-87.20164871876386 14.33664987636005),0
347,1423188331,Tapirus bairdii,20.97155486612416,-94.01599182425824,POINT (-94.01599182425824 20.97155486612416),0
348,1893329896,Tapirus bairdii,11.220007762463975,-86.38403200408665,POINT (-86.38403200408665 11.22000776246398),0
349,371698297,Tapirus bairdii,20.832976381407967,-96.54516636664667,POINT (-96.54516636664667 20.83297638140797),0
350,1423196121,Tapirus bairdii,24.81618121747126,-84.40782031448197,POINT (-84.40782031448197 24.81618121747126),0
351,1893329920,Tapirus bairdii,17.571899837619007,-96.74496205990957,POINT (-96.74496205990957 17.57189983761901),0
352,1893329891,Tapirus bairdii,11.557684472466462,-96.35568054695015,POINT (-96.35568054695015 11.55768447246646),0
353,1249271565,Tapirus bairdii,7.998667095441113,-81.7456005289867,POINT (-81.7456005289867 7.998667095441113),0
354,1848763333,Tapirus bairdii,11.629331672863081,-96.56608501848429,POINT (-96.56608501848429 11.62933167286308),0
355,1893329880,Tapirus bairdii,15.913328079273207,-86.59046795118161,POINT (-86.59046795118161 15.91332807927321),0
356,1500226862,Tapirus bairdii,19.30855813202792,-100.78778321916019,POINT (-100.7877832191602 19.30855813202792),0
357,1423204670,Tapirus bairdii,21.64317609409898,-90.64158881701162,POINT (-90.64158881701162 21.64317609409898),0
358,1099970507,Tapirus bairdii,9.732485730204415,-81.4141222569666,POINT (-81.41412225696661 9.732485730204415),0
359,197226594,Tapirus bairdii,7.0162883623248815,-79.72679504276334,POINT (-79.72679504276334 7.016288362324882),0
360,1850915432,Tapirus bairdii,21.74772989481304,-90.1106472265634,POINT (-90.1106472265634 21.74772989481304),0
361,1893329882,Tapirus bairdii,18.60173842501298,-93.8636828903836,POINT (-93.8636828903836 18.60173842501298),0
362,1893329923,Tapirus bairdii,21.03489037963178,-92.63862841637749,POINT (-92.63862841637749 21.03489037963178),0
363,1893329901,Tapirus bairdii,6.790779856709825,-82.824632898734,POINT (-82.824632898734 6.790779856709825),0
364,1893329930,Tapirus bairdii,7.25503990676965,-89.49811130218225,POINT (-89.49811130218225 7.25503990676965),0
365,1893329950,Tapirus bairdii,8.559477294913883,-86.49221068833646,POINT (-86.49221068833646 8.559477294913883),0
366,371698312,Tapirus bairdii,12.416281892294705,-77.39147550000536,POINT (-77.39147550000536 12.41628189229471),0
367,1269539198,Tapirus bairdii,20.38415532528623,-88.39861374287221,POINT (-88.39861374287221 20.38415532528623),0
368,1893329883,Tapirus bairdii,23.04764466411687,-78.65686743796846,POINT (-78.65686743796846 23.04764466411687),0
369,1249271560,Tapirus bairdii,11.309212735755434,-87.62292354143995,POINT (-87.62292354143995 11.30921273575543),0
370,1837064886,Tapirus bairdii,9.728667094043967,-86.23870188098647,POINT (-86.23870188098647 9.728667094043967),0
371,1894733275,Tapirus bairdii,2.8304802603226786,-79.65373082089225,POINT (-79.65373082089225 2.830480260322679),0
372,1893329898,Tapirus bairdii,19.358457479797202,-102.89262841884411,POINT (-102.8926284188441 19.3584574797972),0
373,891090451,Tapirus bairdii,3.9220872701191443,-84.82716630381682,POINT (-84.82716630381682 3.922087270119144),0
374,1880461841,Tapirus bairdii,18.90151014278889,-89.42794233614921,POINT (-89.42794233614921 18.90151014278889),0
375,1893329848,Tapirus bairdii,23.121140976689986,-83.13296278518719,POINT (-83.13296278518719 23.12114097668999),0
376,1024218350,Tapirus bairdii,18.193844806454447,-104.24265956010822,POINT (-104.2426595601082 18.19384480645445),0
377,1269582203,Tapirus bairdii,20.5853785257565,-100.38809343458986,POINT (-100.3880934345899 20.5853785257565),0
378,1249271563,Tapirus bairdii,6.9263607386985075,-84.13278035415509,POINT (-84.13278035415509 6.926360738698508),0
379,1893329865,Tapirus bairdii,12.971851989765444,-90.95022320896763,POINT (-90.95022320896763 12.97185198976544),0
380,1677344590,Tapirus bairdii,19.33907019737539,-85.00186456503768,POINT (-85.00186456503768 19.33907019737539),0
381,1913148673,Tapirus bairdii,7.290194518939129,-75.54238807090748,POINT (-75.54238807090748 7.290194518939129),0
382,371699487,Tapirus bairdii,4.012636870934275,-86.2645066477898,POINT (-86.2645066477898 4.012636870934275),0
383,1831232754,Tapirus bairdii,18.176721296692772,-104.05497980216498,POINT (-104.054979802165 18.17672129669277),0
384,1898048885,Tapirus bairdii,21.933303658368803,-95.09527862863484,POINT (-95.09527862863484 21.9333036583688),0
385,1417813763,Tapirus bairdii,14.867628377110076,-86.19549423126364,POINT (-86.19549423126364 14.86762837711008),0
386,371698505,Tapirus bairdii,13.057377800566357,-86.21945093012552,POINT (-86.21945093012552 13.05737780056636),0
387,1893329897,Tapirus bairdii,15.48399288723968,-77.92819930951933,POINT (-77.92819930951933 15.48399288723968),0
388,1065584412,Tapirus bairdii,22.370591373877158,-91.64784735307731,POINT (-91.64784735307731 22.37059137387716),0
389,1262369159,Tapirus bairdii,20.140413878887802,-85.8062934250068,POINT (-85.8062934250068 20.1404138788878),0
390,371698257,Tapirus bairdii,9.067061447210941,-86.50784398014042,POINT (-86.50784398014042 9.067061447210941),0
391,1893329900,Tapirus bairdii,21.69135914558413,-90.42904733963464,POINT (-90.42904733963464 21.69135914558413),0
392,371699778,Tapirus bairdii,19.799096723774134,-93.235244734648,POINT (-93.23524473464801 19.79909672377413),0
393,1893329924,Tapirus bairdii,18.494846039391216,-97.356218413979,POINT (-97.35621841397899 18.49484603939122),0
394,1893329913,Tapirus bairdii,6.790804006853407,-81.05370925294542,POINT (-81.05370925294542 6.790804006853407),0
395,1893329914,Tapirus bairdii,11.474620351730156,-95.09023831315059,POINT (-95.09023831315059 11.47462035173016),0
396,1893581446,Tapirus bairdii,8.948654124650592,-84.98748931674774,POINT (-84.98748931674774 8.948654124650592),0
397,1249302152,Tapirus bairdii,23.769599793508394,-88.19967020128513,POINT (-88.19967020128513 23.76959979350839),0
398,1249271559,Tapirus bairdii,20.044788922974167,-84.54210855727405,POINT (-84.54210855727405 20.04478892297417),0
399,1065584416,Tapirus bairdii,26.772021215620022,-88.26892992774879,POINT (-88.26892992774879 26.77202121562002),0
400,1893329910,Tapirus bairdii,22.05910319466707,-80.05925220387749,POINT (-80.05925220387749 22.05910319466707),0
401,1893329908,Tapirus bairdii,20.96786961741559,-100.5604577183971,POINT (-100.5604577183971 20.96786961741559),0
