,taxon_name,gbif_id,decimal_longitude,decimal_latitude,present/pseudo_absent,row_n
0,Capra_nubiana,1676784017,34.787521000000005,30.853604999999998,1,0
1,Capra_nubiana,1676823278,35.39292899999999,31.590088,1,1
2,Capra_nubiana,1562975667,34.916576,30.764478999999998,1,2
3,Capra_nubiana,1562975715,34.988524,30.682672999999998,1,3
4,Capra_nubiana,1586932369,34.803665,30.750152000000003,1,4
5,Capra_nubiana,1586932426,34.891391,30.690991999999998,1,5
6,Capra_nubiana,1586945777,34.738294,30.813160999999997,1,6
7,Capra_nubiana,932757568,34.755592,30.822947999999997,1,7
8,Capra_nubiana,1883486485,34.791183000000004,30.892905,1,8
9,Capra_nubiana,1453504548,34.889316,30.850291,1,9
10,Capra_nubiana,1805908702,34.960415000000005,30.830845,1,10
11,Capra_nubiana,1805909789,34.782158,30.852648,1,11
12,Capra_nubiana,1092900641,35.358042,31.421219,1,12
13,Capra_nubiana,899944004,35.283118,31.284881,1,13
14,Capra_nubiana,899963978,35.306108,31.41958300000001,1,14
15,Capra_nubiana,1248683763,34.874379,31.007009000000004,1,15
16,Capra_nubiana,920843986,35.389271,31.470793,1,16
17,Capra_nubiana,920869483,34.884338,30.872760999999997,1,17
18,Capra_nubiana,920870053,35.328598,31.313168,1,18
19,Capra_nubiana,920926147,35.3713,31.455510999999998,1,19
20,Capra_nubiana,920947060,35.38722199999999,31.453634,1,20
21,Capra_nubiana,920968732,34.800209,30.614157000000002,1,21
22,Capra_nubiana,920976937,35.455627,31.751526000000002,1,22
23,Capra_nubiana,1807307557,34.946005,30.59648,1,23
24,Capra_nubiana,1640098128,34.934207,30.623478000000002,1,24
25,Capra_nubiana,1143546732,35.271248,31.402851000000002,1,25
26,Capra_nubiana,665891138,33.216667,27.283333000000002,1,26
27,Capra_nubiana,1088896998,35.310117,31.581653999999997,1,27
28,Capra_nubiana,1703168557,34.775079999999996,30.872384000000004,1,28
29,Capra_nubiana,1703168613,34.728761,30.804282,1,29
30,Capra_nubiana,1703190057,35.375405,31.561932000000002,1,30
31,Capra_nubiana,no_id,30.12499999999999,26.20833333333334,0,31
32,Capra_nubiana,no_id,25.458333333333325,22.875000000000004,0,32
33,Capra_nubiana,no_id,31.37499999999999,28.125000000000004,0,33
34,Capra_nubiana,no_id,32.54166666666665,27.79166666666667,0,34
35,Capra_nubiana,no_id,28.791666666666657,24.45833333333334,0,35
36,Capra_nubiana,no_id,24.208333333333325,25.875000000000004,0,36
37,Capra_nubiana,no_id,33.29166666666665,24.375000000000004,0,37
38,Capra_nubiana,no_id,32.20833333333332,22.70833333333334,0,38
39,Capra_nubiana,no_id,33.374999999999986,21.04166666666667,0,39
40,Capra_nubiana,no_id,38.79166666666665,25.125000000000004,0,40
41,Capra_nubiana,no_id,28.708333333333325,30.375000000000004,0,41
42,Capra_nubiana,no_id,24.374999999999993,24.625000000000004,0,42
43,Capra_nubiana,no_id,32.874999999999986,26.70833333333334,0,43
44,Capra_nubiana,no_id,31.291666666666657,25.625000000000004,0,44
45,Capra_nubiana,no_id,34.124999999999986,37.12500000000001,0,45
46,Capra_nubiana,no_id,26.708333333333325,27.54166666666667,0,46
47,Capra_nubiana,no_id,27.708333333333325,23.70833333333334,0,47
48,Capra_nubiana,no_id,26.208333333333325,25.04166666666667,0,48
49,Capra_nubiana,no_id,27.124999999999993,20.375000000000004,0,49
50,Capra_nubiana,no_id,24.208333333333325,30.04166666666667,0,50
51,Capra_nubiana,no_id,33.04166666666665,29.45833333333334,0,51
52,Capra_nubiana,no_id,37.45833333333332,26.95833333333334,0,52
53,Capra_nubiana,no_id,28.12499999999999,22.875000000000004,0,53
54,Capra_nubiana,no_id,31.708333333333325,38.12500000000001,0,54
55,Capra_nubiana,no_id,42.874999999999986,36.20833333333334,0,55
56,Capra_nubiana,no_id,23.624999999999993,25.70833333333334,0,56
57,Capra_nubiana,no_id,35.70833333333332,20.625000000000004,0,57
58,Capra_nubiana,no_id,39.20833333333332,32.37500000000001,0,58
59,Capra_nubiana,no_id,33.04166666666665,34.79166666666667,0,59
60,Capra_nubiana,no_id,42.20833333333332,33.04166666666667,0,60
61,Capra_nubiana,no_id,33.70833333333332,39.62500000000001,0,61
62,Capra_nubiana,no_id,41.79166666666665,30.375000000000004,0,62
63,Capra_nubiana,no_id,24.458333333333325,27.95833333333334,0,63
64,Capra_nubiana,no_id,40.95833333333332,38.95833333333334,0,64
65,Capra_nubiana,no_id,33.79166666666665,29.79166666666667,0,65
66,Capra_nubiana,no_id,37.70833333333332,38.62500000000001,0,66
67,Capra_nubiana,no_id,35.95833333333332,20.54166666666667,0,67
68,Capra_nubiana,no_id,30.62499999999999,29.45833333333334,0,68
69,Capra_nubiana,no_id,35.95833333333332,28.79166666666667,0,69
70,Capra_nubiana,no_id,39.70833333333332,35.37500000000001,0,70
71,Capra_nubiana,no_id,39.04166666666665,33.45833333333334,0,71
72,Capra_nubiana,no_id,30.458333333333325,25.79166666666667,0,72
73,Capra_nubiana,no_id,44.20833333333332,28.95833333333334,0,73
74,Capra_nubiana,no_id,27.208333333333325,26.04166666666667,0,74
75,Capra_nubiana,no_id,29.12499999999999,23.20833333333334,0,75
76,Capra_nubiana,no_id,29.291666666666657,27.04166666666667,0,76
77,Capra_nubiana,no_id,35.70833333333332,21.95833333333334,0,77
78,Capra_nubiana,no_id,42.874999999999986,29.70833333333334,0,78
79,Capra_nubiana,no_id,25.874999999999993,29.79166666666667,0,79
80,Capra_nubiana,no_id,31.458333333333325,36.95833333333334,0,80
81,Capra_nubiana,no_id,40.79166666666665,35.29166666666667,0,81
82,Capra_nubiana,no_id,38.70833333333332,28.125000000000004,0,82
83,Capra_nubiana,no_id,35.70833333333332,28.70833333333334,0,83
84,Capra_nubiana,no_id,43.29166666666665,28.70833333333334,0,84
85,Capra_nubiana,no_id,34.29166666666665,39.04166666666667,0,85
86,Capra_nubiana,no_id,39.874999999999986,22.95833333333334,0,86
87,Capra_nubiana,no_id,31.958333333333325,38.87500000000001,0,87
88,Capra_nubiana,no_id,33.95833333333332,21.875000000000004,0,88
89,Capra_nubiana,no_id,42.874999999999986,35.45833333333334,0,89
90,Capra_nubiana,no_id,40.95833333333332,32.87500000000001,0,90
91,Capra_nubiana,no_id,29.12499999999999,24.875000000000004,0,91
92,Capra_nubiana,no_id,39.04166666666665,28.29166666666667,0,92
93,Capra_nubiana,no_id,37.95833333333332,30.375000000000004,0,93
94,Capra_nubiana,no_id,33.624999999999986,20.875000000000004,0,94
95,Capra_nubiana,no_id,40.70833333333332,38.29166666666667,0,95
96,Capra_nubiana,no_id,33.874999999999986,20.70833333333334,0,96
97,Capra_nubiana,no_id,31.87499999999999,38.87500000000001,0,97
98,Capra_nubiana,no_id,29.208333333333325,26.625000000000004,0,98
99,Capra_nubiana,no_id,30.041666666666657,29.625000000000004,0,99
100,Capra_nubiana,no_id,25.958333333333325,23.70833333333334,0,100
101,Capra_nubiana,no_id,44.124999999999986,36.87500000000001,0,101
102,Capra_nubiana,no_id,32.54166666666665,19.04166666666667,0,102
103,Capra_nubiana,no_id,33.20833333333332,21.54166666666667,0,103
104,Capra_nubiana,no_id,37.45833333333332,39.79166666666667,0,104
105,Capra_nubiana,no_id,29.291666666666657,37.45833333333334,0,105
106,Capra_nubiana,no_id,41.79166666666665,38.79166666666667,0,106
107,Capra_nubiana,no_id,37.45833333333332,25.875000000000004,0,107
108,Capra_nubiana,no_id,41.45833333333332,27.20833333333334,0,108
109,Capra_nubiana,no_id,39.20833333333332,27.70833333333334,0,109
110,Capra_nubiana,no_id,42.54166666666665,28.29166666666667,0,110
111,Capra_nubiana,no_id,29.791666666666657,24.70833333333334,0,111
112,Capra_nubiana,no_id,31.62499999999999,20.29166666666667,0,112
113,Capra_nubiana,no_id,38.874999999999986,28.375000000000004,0,113
114,Capra_nubiana,no_id,29.041666666666657,36.95833333333334,0,114
115,Capra_nubiana,no_id,41.45833333333332,29.45833333333334,0,115
116,Capra_nubiana,no_id,33.20833333333332,20.20833333333334,0,116
117,Capra_nubiana,no_id,33.124999999999986,26.875000000000004,0,117
118,Capra_nubiana,no_id,29.708333333333325,26.45833333333334,0,118
119,Capra_nubiana,no_id,42.124999999999986,32.62500000000001,0,119
120,Capra_nubiana,no_id,40.874999999999986,31.70833333333334,0,120
121,Capra_nubiana,no_id,41.79166666666665,33.79166666666667,0,121
122,Capra_nubiana,no_id,26.458333333333325,29.70833333333334,0,122
123,Capra_nubiana,no_id,29.541666666666657,24.79166666666667,0,123
124,Capra_nubiana,no_id,34.20833333333332,21.875000000000004,0,124
125,Capra_nubiana,no_id,40.124999999999986,25.125000000000004,0,125
126,Capra_nubiana,no_id,37.124999999999986,31.125000000000004,0,126
127,Capra_nubiana,no_id,42.29166666666665,27.375000000000004,0,127
128,Capra_nubiana,no_id,42.70833333333332,33.20833333333334,0,128
129,Capra_nubiana,no_id,35.624999999999986,21.54166666666667,0,129
130,Capra_nubiana,no_id,27.791666666666657,25.20833333333334,0,130
131,Capra_nubiana,no_id,31.458333333333325,23.54166666666667,0,131
132,Capra_nubiana,no_id,32.20833333333332,37.79166666666667,0,132
133,Capra_nubiana,no_id,30.958333333333325,23.625000000000004,0,133
134,Capra_nubiana,no_id,24.374999999999993,26.70833333333334,0,134
135,Capra_nubiana,no_id,40.624999999999986,38.95833333333334,0,135
136,Capra_nubiana,no_id,31.791666666666657,38.45833333333334,0,136
137,Capra_nubiana,no_id,36.374999999999986,29.625000000000004,0,137
138,Capra_nubiana,no_id,31.458333333333325,24.29166666666667,0,138
139,Capra_nubiana,no_id,33.124999999999986,19.45833333333334,0,139
140,Capra_nubiana,no_id,45.54166666666665,32.45833333333334,0,140
141,Capra_nubiana,no_id,33.04166666666665,34.87500000000001,0,141
142,Capra_nubiana,no_id,42.79166666666665,27.70833333333334,0,142
143,Capra_nubiana,no_id,40.29166666666665,32.95833333333334,0,143
144,Capra_nubiana,no_id,31.208333333333325,38.04166666666667,0,144
145,Capra_nubiana,no_id,36.54166666666665,33.79166666666667,0,145
146,Capra_nubiana,no_id,44.45833333333332,35.29166666666667,0,146
147,Capra_nubiana,no_id,40.29166666666665,35.70833333333334,0,147
148,Capra_nubiana,no_id,39.624999999999986,33.95833333333334,0,148
149,Capra_nubiana,no_id,38.874999999999986,34.04166666666667,0,149
150,Capra_nubiana,no_id,37.29166666666665,36.20833333333334,0,150
151,Capra_nubiana,no_id,29.37499999999999,27.95833333333334,0,151
152,Capra_nubiana,no_id,33.624999999999986,37.45833333333334,0,152
153,Capra_nubiana,no_id,39.79166666666665,26.95833333333334,0,153
154,Capra_nubiana,no_id,39.04166666666665,29.45833333333334,0,154
155,Capra_nubiana,no_id,33.54166666666665,37.79166666666667,0,155
156,Capra_nubiana,no_id,41.70833333333332,30.45833333333334,0,156
157,Capra_nubiana,no_id,33.624999999999986,30.625000000000004,0,157
158,Capra_nubiana,no_id,27.208333333333325,20.375000000000004,0,158
159,Capra_nubiana,no_id,41.874999999999986,38.45833333333334,0,159
160,Capra_nubiana,no_id,42.20833333333332,37.62500000000001,0,160
161,Capra_nubiana,no_id,32.374999999999986,23.125000000000004,0,161
162,Capra_nubiana,no_id,44.124999999999986,28.20833333333334,0,162
163,Capra_nubiana,no_id,31.62499999999999,23.45833333333334,0,163
164,Capra_nubiana,no_id,36.04166666666665,27.125000000000004,0,164
165,Capra_nubiana,no_id,42.124999999999986,34.29166666666667,0,165
166,Capra_nubiana,no_id,33.29166666666665,36.95833333333334,0,166
167,Capra_nubiana,no_id,35.374999999999986,29.45833333333334,0,167
168,Capra_nubiana,no_id,40.374999999999986,23.20833333333334,0,168
169,Capra_nubiana,no_id,36.124999999999986,21.875000000000004,0,169
170,Capra_nubiana,no_id,34.95833333333332,21.54166666666667,0,170
171,Capra_nubiana,no_id,26.208333333333325,21.04166666666667,0,171
172,Capra_nubiana,no_id,42.20833333333332,27.70833333333334,0,172
173,Capra_nubiana,no_id,43.70833333333332,31.70833333333334,0,173
174,Capra_nubiana,no_id,41.54166666666665,27.29166666666667,0,174
175,Capra_nubiana,no_id,40.54166666666665,37.12500000000001,0,175
176,Capra_nubiana,no_id,33.70833333333332,37.54166666666667,0,176
177,Capra_nubiana,no_id,45.124999999999986,35.12500000000001,0,177
178,Capra_nubiana,no_id,34.70833333333332,38.95833333333334,0,178
179,Capra_nubiana,no_id,41.874999999999986,32.87500000000001,0,179
180,Capra_nubiana,no_id,33.54166666666665,20.45833333333334,0,180
181,Capra_nubiana,no_id,41.79166666666665,27.875000000000004,0,181
182,Capra_nubiana,no_id,28.458333333333325,21.29166666666667,0,182
183,Capra_nubiana,no_id,33.874999999999986,25.54166666666667,0,183
184,Capra_nubiana,no_id,28.12499999999999,23.125000000000004,0,184
185,Capra_nubiana,no_id,42.70833333333332,31.45833333333334,0,185
186,Capra_nubiana,no_id,42.29166666666665,38.04166666666667,0,186
187,Capra_nubiana,no_id,39.124999999999986,26.875000000000004,0,187
188,Capra_nubiana,no_id,30.12499999999999,30.95833333333334,0,188
189,Capra_nubiana,no_id,35.95833333333332,32.54166666666667,0,189
190,Capra_nubiana,no_id,42.20833333333332,31.45833333333334,0,190
191,Capra_nubiana,no_id,27.541666666666657,28.95833333333334,0,191
192,Capra_nubiana,no_id,34.45833333333332,28.54166666666667,0,192
193,Capra_nubiana,no_id,42.20833333333332,36.12500000000001,0,193
194,Capra_nubiana,no_id,42.374999999999986,30.54166666666667,0,194
195,Capra_nubiana,no_id,41.54166666666665,25.70833333333334,0,195
196,Capra_nubiana,no_id,37.70833333333332,29.54166666666667,0,196
197,Capra_nubiana,no_id,26.541666666666657,26.95833333333334,0,197
198,Capra_nubiana,no_id,33.20833333333332,20.375000000000004,0,198
199,Capra_nubiana,no_id,28.208333333333325,30.54166666666667,0,199
200,Capra_nubiana,no_id,26.958333333333325,21.29166666666667,0,200
201,Capra_nubiana,no_id,29.041666666666657,29.20833333333334,0,201
202,Capra_nubiana,no_id,39.29166666666665,35.87500000000001,0,202
203,Capra_nubiana,no_id,42.45833333333332,27.20833333333334,0,203
204,Capra_nubiana,no_id,44.95833333333332,33.54166666666667,0,204
205,Capra_nubiana,no_id,32.04166666666666,27.375000000000004,0,205
206,Capra_nubiana,no_id,30.208333333333325,30.375000000000004,0,206
207,Capra_nubiana,no_id,36.79166666666665,28.875000000000004,0,207
208,Capra_nubiana,no_id,24.041666666666657,27.625000000000004,0,208
209,Capra_nubiana,no_id,32.04166666666666,21.20833333333334,0,209
210,Capra_nubiana,no_id,31.708333333333325,19.54166666666667,0,210
211,Capra_nubiana,no_id,38.79166666666665,29.125000000000004,0,211
212,Capra_nubiana,no_id,37.874999999999986,39.37500000000001,0,212
213,Capra_nubiana,no_id,30.12499999999999,26.125000000000004,0,213
214,Capra_nubiana,no_id,28.37499999999999,21.625000000000004,0,214
215,Capra_nubiana,no_id,27.124999999999993,21.375000000000004,0,215
216,Capra_nubiana,no_id,26.291666666666657,28.54166666666667,0,216
217,Capra_nubiana,no_id,32.29166666666665,38.29166666666667,0,217
218,Capra_nubiana,no_id,41.124999999999986,35.87500000000001,0,218
219,Capra_nubiana,no_id,28.958333333333325,20.20833333333334,0,219
220,Capra_nubiana,no_id,40.45833333333332,29.625000000000004,0,220
221,Capra_nubiana,no_id,43.29166666666665,34.95833333333334,0,221
222,Capra_nubiana,no_id,35.54166666666665,20.95833333333334,0,222
223,Capra_nubiana,no_id,34.04166666666665,19.125000000000004,0,223
224,Capra_nubiana,no_id,30.12499999999999,28.54166666666667,0,224
225,Capra_nubiana,no_id,36.79166666666665,39.37500000000001,0,225
226,Capra_nubiana,no_id,37.79166666666665,37.62500000000001,0,226
227,Capra_nubiana,no_id,42.54166666666665,30.375000000000004,0,227
228,Capra_nubiana,no_id,34.04166666666665,37.95833333333334,0,228
229,Capra_nubiana,no_id,39.874999999999986,39.45833333333334,0,229
230,Capra_nubiana,no_id,26.541666666666657,27.79166666666667,0,230
231,Capra_nubiana,no_id,44.874999999999986,31.875000000000004,0,231
232,Capra_nubiana,no_id,34.624999999999986,37.79166666666667,0,232
233,Capra_nubiana,no_id,32.20833333333332,37.87500000000001,0,233
234,Capra_nubiana,no_id,25.624999999999993,31.375000000000004,0,234
235,Capra_nubiana,no_id,36.54166666666665,31.375000000000004,0,235
236,Capra_nubiana,no_id,29.87499999999999,22.04166666666667,0,236
237,Capra_nubiana,no_id,38.45833333333332,34.70833333333334,0,237
238,Capra_nubiana,no_id,40.04166666666665,32.45833333333334,0,238
239,Capra_nubiana,no_id,34.374999999999986,23.95833333333334,0,239
240,Capra_nubiana,no_id,28.37499999999999,29.625000000000004,0,240
241,Capra_nubiana,no_id,37.29166666666665,36.87500000000001,0,241
242,Capra_nubiana,no_id,44.54166666666665,29.04166666666667,0,242
243,Capra_nubiana,no_id,41.54166666666665,32.12500000000001,0,243
244,Capra_nubiana,no_id,36.70833333333332,28.625000000000004,0,244
245,Capra_nubiana,no_id,29.958333333333325,37.79166666666667,0,245
246,Capra_nubiana,no_id,30.791666666666657,25.45833333333334,0,246
247,Capra_nubiana,no_id,38.45833333333332,37.37500000000001,0,247
248,Capra_nubiana,no_id,42.04166666666665,29.375000000000004,0,248
249,Capra_nubiana,no_id,31.62499999999999,24.29166666666667,0,249
250,Capra_nubiana,no_id,34.624999999999986,39.12500000000001,0,250
251,Capra_nubiana,no_id,28.958333333333325,22.79166666666667,0,251
252,Capra_nubiana,no_id,36.45833333333332,30.875000000000004,0,252
253,Capra_nubiana,no_id,34.04166666666665,21.29166666666667,0,253
254,Capra_nubiana,no_id,35.95833333333332,39.12500000000001,0,254
255,Capra_nubiana,no_id,39.29166666666665,23.20833333333334,0,255
256,Capra_nubiana,no_id,42.624999999999986,30.45833333333334,0,256
257,Capra_nubiana,no_id,36.54166666666665,26.79166666666667,0,257
258,Capra_nubiana,no_id,39.95833333333332,39.12500000000001,0,258
259,Capra_nubiana,no_id,37.124999999999986,37.45833333333334,0,259
260,Capra_nubiana,no_id,42.124999999999986,32.04166666666668,0,260
261,Capra_nubiana,no_id,36.29166666666665,21.875000000000004,0,261
262,Capra_nubiana,no_id,38.54166666666665,33.62500000000001,0,262
263,Capra_nubiana,no_id,39.45833333333332,33.62500000000001,0,263
264,Capra_nubiana,no_id,33.20833333333332,24.875000000000004,0,264
265,Capra_nubiana,no_id,39.20833333333332,22.95833333333334,0,265
266,Capra_nubiana,no_id,38.79166666666665,29.45833333333334,0,266
267,Capra_nubiana,no_id,36.624999999999986,37.37500000000001,0,267
268,Capra_nubiana,no_id,32.70833333333332,22.04166666666667,0,268
269,Capra_nubiana,no_id,36.624999999999986,26.375000000000004,0,269
270,Capra_nubiana,no_id,30.791666666666657,20.54166666666667,0,270
271,Capra_nubiana,no_id,34.04166666666665,28.95833333333334,0,271
272,Capra_nubiana,no_id,38.70833333333332,31.29166666666667,0,272
273,Capra_nubiana,no_id,43.70833333333332,36.45833333333334,0,273
274,Capra_nubiana,no_id,40.20833333333332,30.125000000000004,0,274
275,Capra_nubiana,no_id,28.458333333333325,27.29166666666667,0,275
276,Capra_nubiana,no_id,40.624999999999986,24.70833333333334,0,276
277,Capra_nubiana,no_id,39.95833333333332,29.70833333333334,0,277
278,Capra_nubiana,no_id,42.79166666666665,27.29166666666667,0,278
279,Capra_nubiana,no_id,25.208333333333325,25.54166666666667,0,279
280,Capra_nubiana,no_id,24.041666666666657,27.70833333333334,0,280
281,Capra_nubiana,no_id,23.791666666666657,25.375000000000004,0,281
282,Capra_nubiana,no_id,35.20833333333332,20.625000000000004,0,282
283,Capra_nubiana,no_id,28.541666666666657,30.29166666666667,0,283
284,Capra_nubiana,no_id,28.208333333333325,20.20833333333334,0,284
285,Capra_nubiana,no_id,35.374999999999986,22.125000000000004,0,285
286,Capra_nubiana,no_id,31.291666666666657,20.29166666666667,0,286
287,Capra_nubiana,no_id,31.791666666666657,29.125000000000004,0,287
288,Capra_nubiana,no_id,34.04166666666665,19.45833333333334,0,288
289,Capra_nubiana,no_id,29.041666666666657,20.20833333333334,0,289
290,Capra_nubiana,no_id,34.374999999999986,23.04166666666667,0,290
291,Capra_nubiana,no_id,35.95833333333332,40.04166666666667,0,291
292,Capra_nubiana,no_id,41.54166666666665,24.04166666666667,0,292
293,Capra_nubiana,no_id,30.958333333333325,37.04166666666667,0,293
294,Capra_nubiana,no_id,43.124999999999986,30.20833333333334,0,294
295,Capra_nubiana,no_id,34.874999999999986,28.95833333333334,0,295
296,Capra_nubiana,no_id,29.541666666666657,25.375000000000004,0,296
297,Capra_nubiana,no_id,28.208333333333325,24.45833333333334,0,297
298,Capra_nubiana,no_id,44.624999999999986,34.45833333333334,0,298
299,Capra_nubiana,no_id,39.874999999999986,35.37500000000001,0,299
300,Capra_nubiana,no_id,32.45833333333332,26.54166666666667,0,300
301,Capra_nubiana,no_id,39.70833333333332,22.54166666666667,0,301
302,Capra_nubiana,no_id,32.54166666666665,38.20833333333334,0,302
303,Capra_nubiana,no_id,34.45833333333332,23.625000000000004,0,303
304,Capra_nubiana,no_id,36.374999999999986,35.04166666666667,0,304
305,Capra_nubiana,no_id,25.458333333333325,29.70833333333334,0,305
306,Capra_nubiana,no_id,38.20833333333332,34.87500000000001,0,306
307,Capra_nubiana,no_id,42.95833333333332,33.04166666666667,0,307
308,Capra_nubiana,no_id,29.791666666666657,24.875000000000004,0,308
309,Capra_nubiana,no_id,34.04166666666665,23.125000000000004,0,309
310,Capra_nubiana,no_id,40.29166666666665,32.37500000000001,0,310
311,Capra_nubiana,no_id,27.458333333333325,29.79166666666667,0,311
312,Capra_nubiana,no_id,43.20833333333332,28.04166666666667,0,312
313,Capra_nubiana,no_id,33.95833333333332,22.95833333333334,0,313
314,Capra_nubiana,no_id,34.79166666666665,19.45833333333334,0,314
315,Capra_nubiana,no_id,24.958333333333325,27.95833333333334,0,315
316,Capra_nubiana,no_id,32.79166666666665,27.45833333333334,0,316
317,Capra_nubiana,no_id,43.374999999999986,33.12500000000001,0,317
318,Capra_nubiana,no_id,37.45833333333332,26.54166666666667,0,318
319,Capra_nubiana,no_id,29.541666666666657,22.79166666666667,0,319
320,Capra_nubiana,no_id,31.041666666666657,21.70833333333334,0,320
321,Capra_nubiana,no_id,25.958333333333325,21.45833333333334,0,321
322,Capra_nubiana,no_id,36.79166666666665,30.625000000000004,0,322
323,Capra_nubiana,no_id,36.374999999999986,34.62500000000001,0,323
324,Capra_nubiana,no_id,29.541666666666657,24.04166666666667,0,324
325,Capra_nubiana,no_id,37.124999999999986,32.37500000000001,0,325
326,Capra_nubiana,no_id,44.624999999999986,33.20833333333334,0,326
327,Capra_nubiana,no_id,27.708333333333325,26.125000000000004,0,327
328,Capra_nubiana,no_id,38.79166666666665,37.62500000000001,0,328
329,Capra_nubiana,no_id,35.374999999999986,38.04166666666667,0,329
330,Capra_nubiana,no_id,44.124999999999986,29.625000000000004,0,330
331,Capra_nubiana,no_id,39.29166666666665,35.29166666666667,0,331
332,Capra_nubiana,no_id,44.04166666666665,28.625000000000004,0,332
333,Capra_nubiana,no_id,28.958333333333325,30.125000000000004,0,333
334,Capra_nubiana,no_id,29.958333333333325,24.125000000000004,0,334
335,Capra_nubiana,no_id,38.874999999999986,34.20833333333334,0,335
336,Capra_nubiana,no_id,40.45833333333332,30.625000000000004,0,336
337,Capra_nubiana,no_id,32.374999999999986,28.95833333333334,0,337
338,Capra_nubiana,no_id,35.874999999999986,33.04166666666667,0,338
339,Capra_nubiana,no_id,30.87499999999999,30.20833333333334,0,339
340,Capra_nubiana,no_id,29.458333333333325,21.375000000000004,0,340
341,Capra_nubiana,no_id,42.20833333333332,35.29166666666667,0,341
342,Capra_nubiana,no_id,39.79166666666665,22.125000000000004,0,342
343,Capra_nubiana,no_id,27.87499999999999,27.70833333333334,0,343
344,Capra_nubiana,no_id,40.04166666666665,36.45833333333334,0,344
345,Capra_nubiana,no_id,34.70833333333332,30.20833333333334,0,345
346,Capra_nubiana,no_id,30.708333333333325,20.54166666666667,0,346
347,Capra_nubiana,no_id,30.708333333333325,23.20833333333334,0,347
348,Capra_nubiana,no_id,35.45833333333332,24.04166666666667,0,348
349,Capra_nubiana,no_id,42.70833333333332,34.79166666666667,0,349
350,Capra_nubiana,no_id,31.37499999999999,21.70833333333334,0,350
351,Capra_nubiana,no_id,36.20833333333332,35.12500000000001,0,351
352,Capra_nubiana,no_id,31.37499999999999,21.54166666666667,0,352
353,Capra_nubiana,no_id,34.95833333333332,19.875000000000004,0,353
354,Capra_nubiana,no_id,32.04166666666666,27.79166666666667,0,354
355,Capra_nubiana,no_id,33.29166666666665,36.79166666666667,0,355
356,Capra_nubiana,no_id,36.20833333333332,36.37500000000001,0,356
357,Capra_nubiana,no_id,40.29166666666665,24.45833333333334,0,357
358,Capra_nubiana,no_id,30.791666666666657,37.79166666666667,0,358
359,Capra_nubiana,no_id,30.12499999999999,38.12500000000001,0,359
360,Capra_nubiana,no_id,27.291666666666657,23.375000000000004,0,360
361,Capra_nubiana,no_id,43.95833333333332,33.29166666666667,0,361
362,Capra_nubiana,no_id,30.791666666666657,26.875000000000004,0,362
363,Capra_nubiana,no_id,41.374999999999986,31.125000000000004,0,363
364,Capra_nubiana,no_id,44.95833333333332,30.70833333333334,0,364
365,Capra_nubiana,no_id,37.54166666666665,29.625000000000004,0,365
366,Capra_nubiana,no_id,33.624999999999986,39.79166666666667,0,366
367,Capra_nubiana,no_id,40.54166666666665,32.29166666666667,0,367
368,Capra_nubiana,no_id,44.45833333333332,33.95833333333334,0,368
369,Capra_nubiana,no_id,40.29166666666665,28.29166666666667,0,369
370,Capra_nubiana,no_id,39.70833333333332,37.62500000000001,0,370
371,Capra_nubiana,no_id,31.458333333333325,21.29166666666667,0,371
372,Capra_nubiana,no_id,28.37499999999999,22.20833333333334,0,372
373,Capra_nubiana,no_id,39.374999999999986,27.375000000000004,0,373
374,Capra_nubiana,no_id,44.374999999999986,35.20833333333334,0,374
375,Capra_nubiana,no_id,25.874999999999993,21.875000000000004,0,375
376,Capra_nubiana,no_id,27.041666666666657,24.29166666666667,0,376
377,Capra_nubiana,no_id,34.624999999999986,29.45833333333334,0,377
378,Capra_nubiana,no_id,26.291666666666657,29.875000000000004,0,378
379,Capra_nubiana,no_id,30.791666666666657,30.29166666666667,0,379
380,Capra_nubiana,no_id,40.79166666666665,25.45833333333334,0,380
381,Capra_nubiana,no_id,45.04166666666665,33.62500000000001,0,381
382,Capra_nubiana,no_id,29.958333333333325,23.875000000000004,0,382
383,Capra_nubiana,no_id,29.041666666666657,23.04166666666667,0,383
384,Capra_nubiana,no_id,28.791666666666657,22.95833333333334,0,384
385,Capra_nubiana,no_id,42.29166666666665,27.625000000000004,0,385
386,Capra_nubiana,no_id,40.20833333333332,27.20833333333334,0,386
387,Capra_nubiana,no_id,27.87499999999999,20.45833333333334,0,387
388,Capra_nubiana,no_id,38.874999999999986,37.62500000000001,0,388
389,Capra_nubiana,no_id,39.45833333333332,35.04166666666667,0,389
390,Capra_nubiana,no_id,42.70833333333332,37.87500000000001,0,390
391,Capra_nubiana,no_id,29.62499999999999,25.625000000000004,0,391
392,Capra_nubiana,no_id,32.04166666666666,25.54166666666667,0,392
393,Capra_nubiana,no_id,34.04166666666665,20.125000000000004,0,393
394,Capra_nubiana,no_id,43.04166666666665,33.54166666666667,0,394
395,Capra_nubiana,no_id,34.624999999999986,30.29166666666667,0,395
396,Capra_nubiana,no_id,25.374999999999993,29.625000000000004,0,396
397,Capra_nubiana,no_id,32.124999999999986,19.875000000000004,0,397
398,Capra_nubiana,no_id,36.54166666666665,21.04166666666667,0,398
399,Capra_nubiana,no_id,33.874999999999986,36.70833333333334,0,399
400,Capra_nubiana,no_id,43.79166666666665,36.62500000000001,0,400
401,Capra_nubiana,no_id,42.124999999999986,31.20833333333334,0,401
402,Capra_nubiana,no_id,36.874999999999986,35.79166666666667,0,402
403,Capra_nubiana,no_id,33.29166666666665,30.79166666666667,0,403
404,Capra_nubiana,no_id,29.208333333333325,24.70833333333334,0,404
405,Capra_nubiana,no_id,33.624999999999986,35.12500000000001,0,405
406,Capra_nubiana,no_id,35.04166666666665,23.625000000000004,0,406
407,Capra_nubiana,no_id,28.708333333333325,37.54166666666667,0,407
408,Capra_nubiana,no_id,35.20833333333332,37.95833333333334,0,408
409,Capra_nubiana,no_id,29.12499999999999,23.54166666666667,0,409
410,Capra_nubiana,no_id,38.374999999999986,35.12500000000001,0,410
411,Capra_nubiana,no_id,39.124999999999986,26.54166666666667,0,411
412,Capra_nubiana,no_id,39.374999999999986,30.125000000000004,0,412
413,Capra_nubiana,no_id,30.37499999999999,38.62500000000001,0,413
414,Capra_nubiana,no_id,30.37499999999999,20.54166666666667,0,414
415,Capra_nubiana,no_id,42.124999999999986,31.95833333333334,0,415
416,Capra_nubiana,no_id,31.708333333333325,29.70833333333334,0,416
417,Capra_nubiana,no_id,29.208333333333325,28.875000000000004,0,417
418,Capra_nubiana,no_id,42.624999999999986,25.875000000000004,0,418
419,Capra_nubiana,no_id,31.37499999999999,24.04166666666667,0,419
420,Capra_nubiana,no_id,38.29166666666665,32.37500000000001,0,420
421,Capra_nubiana,no_id,39.45833333333332,36.62500000000001,0,421
422,Capra_nubiana,no_id,27.62499999999999,21.20833333333334,0,422
423,Capra_nubiana,no_id,26.708333333333325,23.125000000000004,0,423
424,Capra_nubiana,no_id,35.29166666666665,36.79166666666667,0,424
425,Capra_nubiana,no_id,40.95833333333332,25.625000000000004,0,425
426,Capra_nubiana,no_id,37.124999999999986,27.875000000000004,0,426
427,Capra_nubiana,no_id,43.04166666666665,27.70833333333334,0,427
428,Capra_nubiana,no_id,36.79166666666665,37.70833333333334,0,428
429,Capra_nubiana,no_id,40.29166666666665,35.45833333333334,0,429
430,Capra_nubiana,no_id,29.541666666666657,19.95833333333334,0,430
431,Capra_nubiana,no_id,35.79166666666665,32.29166666666667,0,431
432,Capra_nubiana,no_id,26.374999999999993,28.45833333333334,0,432
433,Capra_nubiana,no_id,25.874999999999993,28.54166666666667,0,433
434,Capra_nubiana,no_id,36.95833333333332,37.62500000000001,0,434
435,Capra_nubiana,no_id,27.291666666666657,27.79166666666667,0,435
436,Capra_nubiana,no_id,38.95833333333332,28.375000000000004,0,436
437,Capra_nubiana,no_id,39.29166666666665,33.79166666666667,0,437
438,Capra_nubiana,no_id,38.95833333333332,25.875000000000004,0,438
439,Capra_nubiana,no_id,34.54166666666665,23.125000000000004,0,439
440,Capra_nubiana,no_id,27.208333333333325,27.04166666666667,0,440
441,Capra_nubiana,no_id,33.70833333333332,29.375000000000004,0,441
442,Capra_nubiana,no_id,29.791666666666657,25.45833333333334,0,442
443,Capra_nubiana,no_id,41.124999999999986,30.45833333333334,0,443
444,Capra_nubiana,no_id,34.20833333333332,39.79166666666667,0,444
445,Capra_nubiana,no_id,33.124999999999986,27.125000000000004,0,445
446,Capra_nubiana,no_id,26.708333333333325,28.20833333333334,0,446
447,Capra_nubiana,no_id,38.79166666666665,37.12500000000001,0,447
448,Capra_nubiana,no_id,30.87499999999999,37.95833333333334,0,448
449,Capra_nubiana,no_id,26.374999999999993,27.20833333333334,0,449
450,Capra_nubiana,no_id,38.79166666666665,35.04166666666667,0,450
451,Capra_nubiana,no_id,34.374999999999986,22.95833333333334,0,451
452,Capra_nubiana,no_id,43.95833333333332,33.79166666666667,0,452
453,Capra_nubiana,no_id,24.958333333333325,31.54166666666667,0,453
454,Capra_nubiana,no_id,30.62499999999999,29.70833333333334,0,454
455,Capra_nubiana,no_id,41.95833333333332,32.54166666666667,0,455
456,Capra_nubiana,no_id,27.708333333333325,21.54166666666667,0,456
457,Capra_nubiana,no_id,38.95833333333332,39.62500000000001,0,457
458,Capra_nubiana,no_id,39.54166666666665,38.37500000000001,0,458
459,Capra_nubiana,no_id,24.458333333333325,27.20833333333334,0,459
460,Capra_nubiana,no_id,41.54166666666665,30.29166666666667,0,460
461,Capra_nubiana,no_id,40.29166666666665,37.54166666666667,0,461
462,Capra_nubiana,no_id,27.208333333333325,25.70833333333334,0,462
463,Capra_nubiana,no_id,34.29166666666665,38.95833333333334,0,463
464,Capra_nubiana,no_id,32.54166666666665,30.875000000000004,0,464
465,Capra_nubiana,no_id,34.624999999999986,23.79166666666667,0,465
466,Capra_nubiana,no_id,41.124999999999986,24.125000000000004,0,466
467,Capra_nubiana,no_id,39.70833333333332,29.54166666666667,0,467
468,Capra_nubiana,no_id,38.20833333333332,25.125000000000004,0,468
469,Capra_nubiana,no_id,36.374999999999986,37.62500000000001,0,469
470,Capra_nubiana,no_id,23.708333333333325,28.375000000000004,0,470
471,Capra_nubiana,no_id,44.874999999999986,32.20833333333334,0,471
472,Capra_nubiana,no_id,41.04166666666665,29.375000000000004,0,472
473,Capra_nubiana,no_id,37.45833333333332,32.95833333333334,0,473
474,Capra_nubiana,no_id,39.04166666666665,37.70833333333334,0,474
475,Capra_nubiana,no_id,41.79166666666665,29.625000000000004,0,475
476,Capra_nubiana,no_id,44.04166666666665,31.04166666666667,0,476
477,Capra_nubiana,no_id,31.87499999999999,19.625000000000004,0,477
478,Capra_nubiana,no_id,24.791666666666657,22.79166666666667,0,478
479,Capra_nubiana,no_id,31.208333333333325,19.45833333333334,0,479
480,Capra_nubiana,no_id,28.12499999999999,30.875000000000004,0,480
481,Capra_nubiana,no_id,31.708333333333325,23.875000000000004,0,481
482,Capra_nubiana,no_id,34.45833333333332,39.29166666666667,0,482
483,Capra_nubiana,no_id,45.04166666666665,30.29166666666667,0,483
484,Capra_nubiana,no_id,34.624999999999986,39.87500000000001,0,484
485,Capra_nubiana,no_id,38.624999999999986,35.12500000000001,0,485
486,Capra_nubiana,no_id,40.624999999999986,33.79166666666667,0,486
487,Capra_nubiana,no_id,40.29166666666665,35.62500000000001,0,487
488,Capra_nubiana,no_id,40.79166666666665,28.70833333333334,0,488
489,Capra_nubiana,no_id,37.874999999999986,29.04166666666667,0,489
490,Capra_nubiana,no_id,33.45833333333332,19.625000000000004,0,490
491,Capra_nubiana,no_id,40.45833333333332,36.62500000000001,0,491
492,Capra_nubiana,no_id,24.041666666666657,26.45833333333334,0,492
493,Capra_nubiana,no_id,37.54166666666665,35.70833333333334,0,493
494,Capra_nubiana,no_id,36.79166666666665,35.37500000000001,0,494
495,Capra_nubiana,no_id,31.458333333333325,25.125000000000004,0,495
496,Capra_nubiana,no_id,35.29166666666665,38.29166666666667,0,496
497,Capra_nubiana,no_id,32.45833333333332,22.875000000000004,0,497
498,Capra_nubiana,no_id,34.45833333333332,29.70833333333334,0,498
499,Capra_nubiana,no_id,33.79166666666665,23.625000000000004,0,499
500,Capra_nubiana,no_id,30.541666666666657,19.20833333333334,0,500
501,Capra_nubiana,no_id,39.04166666666665,27.375000000000004,0,501
502,Capra_nubiana,no_id,36.374999999999986,20.875000000000004,0,502
503,Capra_nubiana,no_id,26.208333333333325,31.29166666666667,0,503
504,Capra_nubiana,no_id,37.624999999999986,28.45833333333334,0,504
505,Capra_nubiana,no_id,33.20833333333332,19.04166666666667,0,505
506,Capra_nubiana,no_id,40.95833333333332,23.45833333333334,0,506
507,Capra_nubiana,no_id,33.04166666666665,26.04166666666667,0,507
508,Capra_nubiana,no_id,40.45833333333332,23.625000000000004,0,508
509,Capra_nubiana,no_id,42.04166666666665,29.625000000000004,0,509
510,Capra_nubiana,no_id,30.958333333333325,28.625000000000004,0,510
511,Capra_nubiana,no_id,39.95833333333332,24.79166666666667,0,511
512,Capra_nubiana,no_id,38.20833333333332,26.70833333333334,0,512
513,Capra_nubiana,no_id,41.29166666666665,33.04166666666667,0,513
514,Capra_nubiana,no_id,30.87499999999999,19.95833333333334,0,514
515,Capra_nubiana,no_id,33.624999999999986,19.70833333333334,0,515
516,Capra_nubiana,no_id,31.958333333333325,19.375000000000004,0,516
517,Capra_nubiana,no_id,26.291666666666657,31.29166666666667,0,517
518,Capra_nubiana,no_id,35.374999999999986,31.04166666666667,0,518
519,Capra_nubiana,no_id,29.291666666666657,28.04166666666667,0,519
520,Capra_nubiana,no_id,39.79166666666665,32.62500000000001,0,520
521,Capra_nubiana,no_id,32.54166666666665,26.20833333333334,0,521
522,Capra_nubiana,no_id,27.208333333333325,27.375000000000004,0,522
523,Capra_nubiana,no_id,38.95833333333332,29.95833333333334,0,523
524,Capra_nubiana,no_id,41.124999999999986,37.29166666666667,0,524
525,Capra_nubiana,no_id,39.124999999999986,27.79166666666667,0,525
526,Capra_nubiana,no_id,31.291666666666657,20.625000000000004,0,526
527,Capra_nubiana,no_id,37.374999999999986,38.29166666666667,0,527
528,Capra_nubiana,no_id,40.54166666666665,31.79166666666667,0,528
529,Capra_nubiana,no_id,45.29166666666665,34.04166666666667,0,529
530,Capra_nubiana,no_id,37.70833333333332,24.625000000000004,0,530
531,Capra_nubiana,no_id,43.70833333333332,28.20833333333334,0,531
532,Capra_nubiana,no_id,35.29166666666665,23.375000000000004,0,532
533,Capra_nubiana,no_id,27.541666666666657,23.54166666666667,0,533
534,Capra_nubiana,no_id,24.791666666666657,29.04166666666667,0,534
535,Capra_nubiana,no_id,29.208333333333325,22.79166666666667,0,535
536,Capra_nubiana,no_id,35.29166666666665,39.20833333333334,0,536
537,Capra_nubiana,no_id,40.29166666666665,35.37500000000001,0,537
538,Capra_nubiana,no_id,38.79166666666665,27.04166666666667,0,538
539,Capra_nubiana,no_id,42.374999999999986,34.87500000000001,0,539
540,Capra_nubiana,no_id,34.124999999999986,39.04166666666667,0,540
541,Capra_nubiana,no_id,40.624999999999986,35.37500000000001,0,541
542,Capra_nubiana,no_id,26.958333333333325,31.125000000000004,0,542
543,Capra_nubiana,no_id,35.70833333333332,31.125000000000004,0,543
544,Capra_nubiana,no_id,40.874999999999986,30.45833333333334,0,544
545,Capra_nubiana,no_id,26.541666666666657,29.79166666666667,0,545
546,Capra_nubiana,no_id,29.37499999999999,21.04166666666667,0,546
547,Capra_nubiana,no_id,30.958333333333325,19.875000000000004,0,547
548,Capra_nubiana,no_id,35.20833333333332,19.375000000000004,0,548
549,Capra_nubiana,no_id,45.374999999999986,33.04166666666667,0,549
550,Capra_nubiana,no_id,26.458333333333325,21.875000000000004,0,550
551,Capra_nubiana,no_id,43.624999999999986,30.79166666666667,0,551
552,Capra_nubiana,no_id,25.874999999999993,21.54166666666667,0,552
553,Capra_nubiana,no_id,40.79166666666665,27.04166666666667,0,553
554,Capra_nubiana,no_id,29.12499999999999,19.45833333333334,0,554
555,Capra_nubiana,no_id,41.79166666666665,26.45833333333334,0,555
556,Capra_nubiana,no_id,39.70833333333332,38.87500000000001,0,556
557,Capra_nubiana,no_id,40.374999999999986,36.29166666666667,0,557
558,Capra_nubiana,no_id,38.624999999999986,25.95833333333334,0,558
559,Capra_nubiana,no_id,41.45833333333332,35.37500000000001,0,559
560,Capra_nubiana,no_id,26.374999999999993,22.70833333333334,0,560
561,Capra_nubiana,no_id,39.874999999999986,30.70833333333334,0,561
562,Capra_nubiana,no_id,27.124999999999993,27.79166666666667,0,562
563,Capra_nubiana,no_id,37.20833333333332,30.625000000000004,0,563
564,Capra_nubiana,no_id,32.04166666666666,25.04166666666667,0,564
565,Capra_nubiana,no_id,42.79166666666665,36.45833333333334,0,565
566,Capra_nubiana,no_id,33.874999999999986,38.29166666666667,0,566
567,Capra_nubiana,no_id,37.70833333333332,31.04166666666667,0,567
568,Capra_nubiana,no_id,32.45833333333332,25.45833333333334,0,568
569,Capra_nubiana,no_id,31.87499999999999,28.70833333333334,0,569
570,Capra_nubiana,no_id,37.20833333333332,37.70833333333334,0,570
571,Capra_nubiana,no_id,34.54166666666665,30.70833333333334,0,571
572,Capra_nubiana,no_id,41.874999999999986,26.625000000000004,0,572
573,Capra_nubiana,no_id,28.291666666666657,37.12500000000001,0,573
574,Capra_nubiana,no_id,39.624999999999986,21.54166666666667,0,574
575,Capra_nubiana,no_id,33.624999999999986,25.95833333333334,0,575
576,Capra_nubiana,no_id,44.79166666666665,35.95833333333334,0,576
577,Capra_nubiana,no_id,32.70833333333332,36.45833333333334,0,577
578,Capra_nubiana,no_id,35.45833333333332,28.375000000000004,0,578
579,Capra_nubiana,no_id,32.29166666666665,20.125000000000004,0,579
580,Capra_nubiana,no_id,36.124999999999986,22.45833333333334,0,580
581,Capra_nubiana,no_id,40.124999999999986,36.54166666666667,0,581
582,Capra_nubiana,no_id,38.95833333333332,28.79166666666667,0,582
583,Capra_nubiana,no_id,44.29166666666665,36.87500000000001,0,583
584,Capra_nubiana,no_id,39.374999999999986,34.70833333333334,0,584
585,Capra_nubiana,no_id,36.79166666666665,36.04166666666667,0,585
586,Capra_nubiana,no_id,35.374999999999986,19.54166666666667,0,586
587,Capra_nubiana,no_id,31.62499999999999,29.625000000000004,0,587
588,Capra_nubiana,no_id,44.04166666666665,29.45833333333334,0,588
589,Capra_nubiana,no_id,34.79166666666665,28.20833333333334,0,589
590,Capra_nubiana,no_id,24.708333333333325,24.45833333333334,0,590
591,Capra_nubiana,no_id,34.29166666666665,30.04166666666667,0,591
592,Capra_nubiana,no_id,27.62499999999999,25.54166666666667,0,592
593,Capra_nubiana,no_id,40.45833333333332,31.20833333333334,0,593
594,Capra_nubiana,no_id,38.70833333333332,26.875000000000004,0,594
595,Capra_nubiana,no_id,26.374999999999993,25.625000000000004,0,595
596,Capra_nubiana,no_id,34.124999999999986,30.70833333333334,0,596
597,Capra_nubiana,no_id,39.45833333333332,27.54166666666667,0,597
598,Capra_nubiana,no_id,36.70833333333332,33.95833333333334,0,598
599,Capra_nubiana,no_id,33.79166666666665,22.54166666666667,0,599
600,Capra_nubiana,no_id,44.04166666666665,34.12500000000001,0,600
601,Capra_nubiana,no_id,37.79166666666665,34.45833333333334,0,601
602,Capra_nubiana,no_id,40.70833333333332,37.20833333333334,0,602
603,Capra_nubiana,no_id,29.208333333333325,24.95833333333334,0,603
604,Capra_nubiana,no_id,25.458333333333325,30.95833333333334,0,604
605,Capra_nubiana,no_id,41.124999999999986,31.45833333333334,0,605
606,Capra_nubiana,no_id,40.124999999999986,24.95833333333334,0,606
607,Capra_nubiana,no_id,29.041666666666657,27.95833333333334,0,607
608,Capra_nubiana,no_id,40.95833333333332,29.20833333333334,0,608
609,Capra_nubiana,no_id,35.624999999999986,31.70833333333334,0,609
610,Capra_nubiana,no_id,38.624999999999986,24.70833333333334,0,610
611,Capra_nubiana,no_id,37.54166666666665,36.54166666666667,0,611
612,Capra_nubiana,no_id,31.458333333333325,37.79166666666667,0,612
613,Capra_nubiana,no_id,32.20833333333332,18.95833333333334,0,613
614,Capra_nubiana,no_id,28.208333333333325,24.375000000000004,0,614
615,Capra_nubiana,no_id,39.54166666666665,39.04166666666667,0,615
616,Capra_nubiana,no_id,25.291666666666657,31.04166666666667,0,616
617,Capra_nubiana,no_id,24.458333333333325,26.29166666666667,0,617
618,Capra_nubiana,no_id,26.958333333333325,21.95833333333334,0,618
619,Capra_nubiana,no_id,27.541666666666657,25.04166666666667,0,619
620,Capra_nubiana,no_id,38.624999999999986,31.95833333333334,0,620
621,Capra_nubiana,no_id,32.04166666666666,22.20833333333334,0,621
622,Capra_nubiana,no_id,35.374999999999986,38.87500000000001,0,622
623,Capra_nubiana,no_id,39.95833333333332,35.62500000000001,0,623
624,Capra_nubiana,no_id,37.624999999999986,27.375000000000004,0,624
625,Capra_nubiana,no_id,42.70833333333332,28.875000000000004,0,625
626,Capra_nubiana,no_id,43.124999999999986,27.875000000000004,0,626
627,Capra_nubiana,no_id,34.29166666666665,28.54166666666667,0,627
628,Capra_nubiana,no_id,36.124999999999986,36.20833333333334,0,628
629,Capra_nubiana,no_id,29.37499999999999,36.79166666666667,0,629
630,Capra_nubiana,no_id,44.04166666666665,30.95833333333334,0,630
631,Capra_nubiana,no_id,38.95833333333332,27.375000000000004,0,631
632,Capra_nubiana,no_id,23.791666666666657,25.29166666666667,0,632
633,Capra_nubiana,no_id,35.124999999999986,32.12500000000001,0,633
634,Capra_nubiana,no_id,35.20833333333332,31.125000000000004,0,634
635,Capra_nubiana,no_id,39.874999999999986,27.45833333333334,0,635
636,Capra_nubiana,no_id,25.624999999999993,29.04166666666667,0,636
637,Capra_nubiana,no_id,36.20833333333332,39.12500000000001,0,637
638,Capra_nubiana,no_id,35.20833333333332,36.79166666666667,0,638
639,Capra_nubiana,no_id,29.458333333333325,19.70833333333334,0,639
640,Capra_nubiana,no_id,34.20833333333332,26.04166666666667,0,640
641,Capra_nubiana,no_id,41.04166666666665,29.875000000000004,0,641
642,Capra_nubiana,no_id,33.624999999999986,24.54166666666667,0,642
643,Capra_nubiana,no_id,36.874999999999986,38.12500000000001,0,643
644,Capra_nubiana,no_id,33.374999999999986,30.375000000000004,0,644
645,Capra_nubiana,no_id,30.958333333333325,19.70833333333334,0,645
646,Capra_nubiana,no_id,37.54166666666665,36.20833333333334,0,646
647,Capra_nubiana,no_id,26.874999999999993,30.79166666666667,0,647
648,Capra_nubiana,no_id,42.95833333333332,32.04166666666668,0,648
649,Capra_nubiana,no_id,40.54166666666665,35.79166666666667,0,649
650,Capra_nubiana,no_id,28.041666666666657,31.04166666666667,0,650
651,Capra_nubiana,no_id,32.624999999999986,20.125000000000004,0,651
652,Capra_nubiana,no_id,33.29166666666665,39.04166666666667,0,652
653,Capra_nubiana,no_id,28.87499999999999,28.79166666666667,0,653
654,Capra_nubiana,no_id,40.70833333333332,32.12500000000001,0,654
655,Capra_nubiana,no_id,38.04166666666665,36.29166666666667,0,655
656,Capra_nubiana,no_id,39.874999999999986,29.625000000000004,0,656
657,Capra_nubiana,no_id,42.04166666666665,25.125000000000004,0,657
658,Capra_nubiana,no_id,25.124999999999993,28.79166666666667,0,658
659,Capra_nubiana,no_id,27.791666666666657,23.625000000000004,0,659
660,Capra_nubiana,no_id,38.374999999999986,30.54166666666667,0,660
661,Capra_nubiana,no_id,30.208333333333325,20.70833333333334,0,661
662,Capra_nubiana,no_id,30.291666666666657,30.79166666666667,0,662
663,Capra_nubiana,no_id,43.624999999999986,29.875000000000004,0,663
664,Capra_nubiana,no_id,31.458333333333325,22.875000000000004,0,664
665,Capra_nubiana,no_id,42.54166666666665,32.04166666666668,0,665
666,Capra_nubiana,no_id,30.708333333333325,24.875000000000004,0,666
667,Capra_nubiana,no_id,27.458333333333325,27.625000000000004,0,667
668,Capra_nubiana,no_id,33.20833333333332,20.04166666666667,0,668
669,Capra_nubiana,no_id,41.45833333333332,36.70833333333334,0,669
670,Capra_nubiana,no_id,33.29166666666665,20.29166666666667,0,670
671,Capra_nubiana,no_id,26.041666666666657,30.20833333333334,0,671
672,Capra_nubiana,no_id,43.29166666666665,37.20833333333334,0,672
673,Capra_nubiana,no_id,36.95833333333332,19.875000000000004,0,673
674,Capra_nubiana,no_id,32.70833333333332,21.04166666666667,0,674
675,Capra_nubiana,no_id,32.124999999999986,21.45833333333334,0,675
676,Capra_nubiana,no_id,29.791666666666657,26.625000000000004,0,676
677,Capra_nubiana,no_id,33.54166666666665,28.625000000000004,0,677
678,Capra_nubiana,no_id,26.458333333333325,27.20833333333334,0,678
679,Capra_nubiana,no_id,32.70833333333332,28.125000000000004,0,679
680,Capra_nubiana,no_id,32.54166666666665,36.87500000000001,0,680
681,Capra_nubiana,no_id,39.04166666666665,35.37500000000001,0,681
682,Capra_nubiana,no_id,36.20833333333332,38.04166666666667,0,682
683,Capra_nubiana,no_id,34.20833333333332,26.125000000000004,0,683
684,Capra_nubiana,no_id,30.458333333333325,37.70833333333334,0,684
685,Capra_nubiana,no_id,29.708333333333325,28.04166666666667,0,685
686,Capra_nubiana,no_id,39.124999999999986,35.45833333333334,0,686
687,Capra_nubiana,no_id,38.70833333333332,37.95833333333334,0,687
688,Capra_nubiana,no_id,29.291666666666657,21.29166666666667,0,688
689,Capra_nubiana,no_id,27.62499999999999,24.375000000000004,0,689
690,Capra_nubiana,no_id,37.79166666666665,24.70833333333334,0,690
691,Capra_nubiana,no_id,33.04166666666665,37.54166666666667,0,691
692,Capra_nubiana,no_id,40.20833333333332,35.87500000000001,0,692
693,Capra_nubiana,no_id,39.95833333333332,23.79166666666667,0,693
694,Capra_nubiana,no_id,34.20833333333332,22.04166666666667,0,694
695,Capra_nubiana,no_id,39.70833333333332,35.87500000000001,0,695
696,Capra_nubiana,no_id,35.70833333333332,29.79166666666667,0,696
697,Capra_nubiana,no_id,37.624999999999986,24.875000000000004,0,697
698,Capra_nubiana,no_id,33.374999999999986,39.62500000000001,0,698
699,Capra_nubiana,no_id,25.208333333333325,24.29166666666667,0,699
700,Capra_nubiana,no_id,34.29166666666665,29.125000000000004,0,700
701,Capra_nubiana,no_id,40.04166666666665,22.875000000000004,0,701
702,Capra_nubiana,no_id,39.04166666666665,37.04166666666667,0,702
703,Capra_nubiana,no_id,33.874999999999986,24.45833333333334,0,703
704,Capra_nubiana,no_id,31.87499999999999,28.125000000000004,0,704
705,Capra_nubiana,no_id,31.708333333333325,21.45833333333334,0,705
706,Capra_nubiana,no_id,39.54166666666665,22.875000000000004,0,706
707,Capra_nubiana,no_id,37.45833333333332,35.95833333333334,0,707
708,Capra_nubiana,no_id,39.29166666666665,22.375000000000004,0,708
709,Capra_nubiana,no_id,35.874999999999986,39.79166666666667,0,709
710,Capra_nubiana,no_id,44.70833333333332,29.54166666666667,0,710
711,Capra_nubiana,no_id,42.29166666666665,26.54166666666667,0,711
712,Capra_nubiana,no_id,37.20833333333332,37.37500000000001,0,712
713,Capra_nubiana,no_id,39.45833333333332,39.70833333333334,0,713
714,Capra_nubiana,no_id,34.29166666666665,29.95833333333334,0,714
715,Capra_nubiana,no_id,29.708333333333325,24.125000000000004,0,715
716,Capra_nubiana,no_id,43.29166666666665,30.45833333333334,0,716
717,Capra_nubiana,no_id,29.12499999999999,37.79166666666667,0,717
718,Capra_nubiana,no_id,30.12499999999999,36.62500000000001,0,718
719,Capra_nubiana,no_id,25.291666666666657,24.625000000000004,0,719
720,Capra_nubiana,no_id,41.29166666666665,25.70833333333334,0,720
721,Capra_nubiana,no_id,34.29166666666665,29.04166666666667,0,721
722,Capra_nubiana,no_id,32.54166666666665,26.375000000000004,0,722
723,Capra_nubiana,no_id,30.291666666666657,26.29166666666667,0,723
724,Capra_nubiana,no_id,37.29166666666665,28.125000000000004,0,724
725,Capra_nubiana,no_id,44.29166666666665,34.20833333333334,0,725
726,Capra_nubiana,no_id,25.374999999999993,30.875000000000004,0,726
727,Capra_nubiana,no_id,36.70833333333332,38.37500000000001,0,727
728,Capra_nubiana,no_id,41.624999999999986,36.70833333333334,0,728
729,Capra_nubiana,no_id,34.79166666666665,37.87500000000001,0,729
730,Capra_nubiana,no_id,35.20833333333332,40.04166666666667,0,730
731,Capra_nubiana,no_id,26.291666666666657,30.29166666666667,0,731
732,Capra_nubiana,no_id,42.124999999999986,38.54166666666667,0,732
733,Capra_nubiana,no_id,40.374999999999986,29.70833333333334,0,733
734,Capra_nubiana,no_id,40.124999999999986,31.45833333333334,0,734
735,Capra_nubiana,no_id,28.791666666666657,25.125000000000004,0,735
736,Capra_nubiana,no_id,23.708333333333325,25.79166666666667,0,736
737,Capra_nubiana,no_id,31.291666666666657,28.29166666666667,0,737
738,Capra_nubiana,no_id,37.124999999999986,36.37500000000001,0,738
739,Capra_nubiana,no_id,30.62499999999999,30.20833333333334,0,739
740,Capra_nubiana,no_id,24.291666666666657,23.54166666666667,0,740
741,Capra_nubiana,no_id,36.874999999999986,28.29166666666667,0,741
742,Capra_nubiana,no_id,24.541666666666657,24.625000000000004,0,742
743,Capra_nubiana,no_id,30.041666666666657,22.79166666666667,0,743
744,Capra_nubiana,no_id,32.624999999999986,20.20833333333334,0,744
745,Capra_nubiana,no_id,42.45833333333332,30.875000000000004,0,745
746,Capra_nubiana,no_id,39.374999999999986,31.125000000000004,0,746
747,Capra_nubiana,no_id,39.54166666666665,23.04166666666667,0,747
748,Capra_nubiana,no_id,39.124999999999986,23.20833333333334,0,748
749,Capra_nubiana,no_id,40.20833333333332,25.95833333333334,0,749
750,Capra_nubiana,no_id,37.70833333333332,36.79166666666667,0,750
751,Capra_nubiana,no_id,29.291666666666657,28.79166666666667,0,751
752,Capra_nubiana,no_id,36.124999999999986,28.375000000000004,0,752
753,Capra_nubiana,no_id,41.624999999999986,29.04166666666667,0,753
754,Capra_nubiana,no_id,33.45833333333332,18.875000000000004,0,754
755,Capra_nubiana,no_id,44.45833333333332,29.45833333333334,0,755
756,Capra_nubiana,no_id,43.874999999999986,33.45833333333334,0,756
757,Capra_nubiana,no_id,34.95833333333332,37.37500000000001,0,757
758,Capra_nubiana,no_id,34.29166666666665,23.29166666666667,0,758
759,Capra_nubiana,no_id,26.208333333333325,29.625000000000004,0,759
760,Capra_nubiana,no_id,39.374999999999986,33.45833333333334,0,760
761,Capra_nubiana,no_id,39.70833333333332,23.20833333333334,0,761
762,Capra_nubiana,no_id,42.374999999999986,30.79166666666667,0,762
763,Capra_nubiana,no_id,40.45833333333332,29.875000000000004,0,763
764,Capra_nubiana,no_id,39.374999999999986,37.45833333333334,0,764
765,Capra_nubiana,no_id,41.29166666666665,26.29166666666667,0,765
766,Capra_nubiana,no_id,31.458333333333325,28.95833333333334,0,766
767,Capra_nubiana,no_id,31.62499999999999,20.125000000000004,0,767
768,Capra_nubiana,no_id,33.45833333333332,19.04166666666667,0,768
769,Capra_nubiana,no_id,35.45833333333332,39.54166666666667,0,769
770,Capra_nubiana,no_id,41.374999999999986,33.70833333333334,0,770
771,Capra_nubiana,no_id,27.958333333333325,30.625000000000004,0,771
772,Capra_nubiana,no_id,38.70833333333332,39.54166666666667,0,772
773,Capra_nubiana,no_id,30.708333333333325,25.45833333333334,0,773
774,Capra_nubiana,no_id,31.208333333333325,27.70833333333334,0,774
775,Capra_nubiana,no_id,27.291666666666657,26.95833333333334,0,775
776,Capra_nubiana,no_id,27.374999999999993,21.375000000000004,0,776
777,Capra_nubiana,no_id,28.291666666666657,25.375000000000004,0,777
778,Capra_nubiana,no_id,25.458333333333325,30.125000000000004,0,778
779,Capra_nubiana,no_id,44.45833333333332,33.12500000000001,0,779
780,Capra_nubiana,no_id,24.791666666666657,27.625000000000004,0,780
781,Capra_nubiana,no_id,43.374999999999986,31.20833333333334,0,781
782,Capra_nubiana,no_id,36.95833333333332,32.04166666666668,0,782
783,Capra_nubiana,no_id,24.791666666666657,26.95833333333334,0,783
784,Capra_nubiana,no_id,38.624999999999986,28.20833333333334,0,784
785,Capra_nubiana,no_id,27.541666666666657,27.04166666666667,0,785
786,Capra_nubiana,no_id,34.624999999999986,29.875000000000004,0,786
787,Capra_nubiana,no_id,33.04166666666665,39.45833333333334,0,787
788,Capra_nubiana,no_id,33.124999999999986,27.70833333333334,0,788
789,Capra_nubiana,no_id,32.124999999999986,21.54166666666667,0,789
790,Capra_nubiana,no_id,45.124999999999986,33.12500000000001,0,790
791,Capra_nubiana,no_id,37.20833333333332,39.95833333333334,0,791
792,Capra_nubiana,no_id,33.374999999999986,26.95833333333334,0,792
793,Capra_nubiana,no_id,38.04166666666665,37.04166666666667,0,793
794,Capra_nubiana,no_id,37.20833333333332,37.12500000000001,0,794
795,Capra_nubiana,no_id,44.374999999999986,30.95833333333334,0,795
796,Capra_nubiana,no_id,32.20833333333332,26.875000000000004,0,796
797,Capra_nubiana,no_id,39.29166666666665,30.54166666666667,0,797
798,Capra_nubiana,no_id,25.374999999999993,22.54166666666667,0,798
799,Capra_nubiana,no_id,27.87499999999999,30.125000000000004,0,799
800,Capra_nubiana,no_id,37.79166666666665,35.37500000000001,0,800
801,Capra_nubiana,no_id,29.87499999999999,25.125000000000004,0,801
802,Capra_nubiana,no_id,28.791666666666657,28.54166666666667,0,802
803,Capra_nubiana,no_id,29.12499999999999,25.20833333333334,0,803
804,Capra_nubiana,no_id,27.208333333333325,21.79166666666667,0,804
805,Capra_nubiana,no_id,32.45833333333332,26.125000000000004,0,805
806,Capra_nubiana,no_id,43.20833333333332,36.79166666666667,0,806
807,Capra_nubiana,no_id,32.124999999999986,22.29166666666667,0,807
808,Capra_nubiana,no_id,40.70833333333332,39.29166666666667,0,808
809,Capra_nubiana,no_id,41.124999999999986,35.54166666666667,0,809
810,Capra_nubiana,no_id,36.70833333333332,39.04166666666667,0,810
811,Capra_nubiana,no_id,26.041666666666657,25.875000000000004,0,811
812,Capra_nubiana,no_id,32.29166666666665,22.125000000000004,0,812
813,Capra_nubiana,no_id,26.458333333333325,28.125000000000004,0,813
814,Capra_nubiana,no_id,36.70833333333332,26.45833333333334,0,814
815,Capra_nubiana,no_id,34.54166666666665,21.95833333333334,0,815
816,Capra_nubiana,no_id,44.04166666666665,30.70833333333334,0,816
817,Capra_nubiana,no_id,29.541666666666657,30.70833333333334,0,817
818,Capra_nubiana,no_id,35.95833333333332,31.29166666666667,0,818
819,Capra_nubiana,no_id,42.79166666666665,36.37500000000001,0,819
820,Capra_nubiana,no_id,30.291666666666657,19.125000000000004,0,820
821,Capra_nubiana,no_id,33.54166666666665,29.95833333333334,0,821
822,Capra_nubiana,no_id,37.124999999999986,27.95833333333334,0,822
823,Capra_nubiana,no_id,38.20833333333332,39.04166666666667,0,823
824,Capra_nubiana,no_id,28.791666666666657,37.29166666666667,0,824
825,Capra_nubiana,no_id,39.95833333333332,24.45833333333334,0,825
826,Capra_nubiana,no_id,32.70833333333332,36.62500000000001,0,826
827,Capra_nubiana,no_id,37.54166666666665,28.20833333333334,0,827
828,Capra_nubiana,no_id,34.874999999999986,29.625000000000004,0,828
829,Capra_nubiana,no_id,38.624999999999986,28.45833333333334,0,829
830,Capra_nubiana,no_id,31.541666666666657,28.70833333333334,0,830
831,Capra_nubiana,no_id,42.124999999999986,36.04166666666667,0,831
832,Capra_nubiana,no_id,40.79166666666665,34.79166666666667,0,832
833,Capra_nubiana,no_id,31.87499999999999,24.875000000000004,0,833
834,Capra_nubiana,no_id,38.95833333333332,27.04166666666667,0,834
835,Capra_nubiana,no_id,29.041666666666657,22.54166666666667,0,835
836,Capra_nubiana,no_id,41.95833333333332,25.04166666666667,0,836
837,Capra_nubiana,no_id,34.374999999999986,21.875000000000004,0,837
838,Capra_nubiana,no_id,33.79166666666665,20.45833333333334,0,838
839,Capra_nubiana,no_id,44.124999999999986,30.625000000000004,0,839
840,Capra_nubiana,no_id,38.45833333333332,35.87500000000001,0,840
841,Capra_nubiana,no_id,25.541666666666657,30.45833333333334,0,841
842,Capra_nubiana,no_id,40.79166666666665,36.54166666666667,0,842
843,Capra_nubiana,no_id,39.04166666666665,28.125000000000004,0,843
844,Capra_nubiana,no_id,36.374999999999986,36.29166666666667,0,844
845,Capra_nubiana,no_id,40.95833333333332,31.875000000000004,0,845
846,Capra_nubiana,no_id,35.374999999999986,32.87500000000001,0,846
847,Capra_nubiana,no_id,31.791666666666657,36.79166666666667,0,847
848,Capra_nubiana,no_id,39.29166666666665,24.54166666666667,0,848
849,Capra_nubiana,no_id,42.79166666666665,30.625000000000004,0,849
850,Capra_nubiana,no_id,27.958333333333325,20.54166666666667,0,850
851,Capra_nubiana,no_id,42.29166666666665,27.95833333333334,0,851
852,Capra_nubiana,no_id,41.20833333333332,36.95833333333334,0,852
853,Capra_nubiana,no_id,27.374999999999993,30.875000000000004,0,853
854,Capra_nubiana,no_id,31.708333333333325,25.79166666666667,0,854
855,Capra_nubiana,no_id,30.708333333333325,27.54166666666667,0,855
856,Capra_nubiana,no_id,35.70833333333332,28.45833333333334,0,856
857,Capra_nubiana,no_id,36.124999999999986,31.20833333333334,0,857
858,Capra_nubiana,no_id,28.791666666666657,20.79166666666667,0,858
859,Capra_nubiana,no_id,29.208333333333325,26.125000000000004,0,859
860,Capra_nubiana,no_id,41.54166666666665,38.29166666666667,0,860
861,Capra_nubiana,no_id,30.791666666666657,24.04166666666667,0,861
862,Capra_nubiana,no_id,34.29166666666665,31.20833333333334,0,862
863,Capra_nubiana,no_id,30.708333333333325,38.37500000000001,0,863
864,Capra_nubiana,no_id,35.29166666666665,21.54166666666667,0,864
865,Capra_nubiana,no_id,33.29166666666665,37.79166666666667,0,865
866,Capra_nubiana,no_id,40.54166666666665,30.375000000000004,0,866
867,Capra_nubiana,no_id,35.624999999999986,38.87500000000001,0,867
868,Capra_nubiana,no_id,26.708333333333325,21.375000000000004,0,868
869,Capra_nubiana,no_id,33.70833333333332,28.20833333333334,0,869
870,Capra_nubiana,no_id,31.791666666666657,28.875000000000004,0,870
871,Capra_nubiana,no_id,30.458333333333325,26.625000000000004,0,871
872,Capra_nubiana,no_id,38.95833333333332,30.95833333333334,0,872
873,Capra_nubiana,no_id,36.624999999999986,31.875000000000004,0,873
874,Capra_nubiana,no_id,43.29166666666665,27.45833333333334,0,874
875,Capra_nubiana,no_id,29.958333333333325,26.20833333333334,0,875
876,Capra_nubiana,no_id,31.541666666666657,20.79166666666667,0,876
877,Capra_nubiana,no_id,30.791666666666657,27.875000000000004,0,877
878,Capra_nubiana,no_id,39.20833333333332,38.87500000000001,0,878
879,Capra_nubiana,no_id,25.541666666666657,25.04166666666667,0,879
880,Capra_nubiana,no_id,32.29166666666665,19.875000000000004,0,880
881,Capra_nubiana,no_id,41.124999999999986,37.37500000000001,0,881
882,Capra_nubiana,no_id,37.54166666666665,36.12500000000001,0,882
883,Capra_nubiana,no_id,43.45833333333332,33.95833333333334,0,883
884,Capra_nubiana,no_id,37.79166666666665,38.12500000000001,0,884
885,Capra_nubiana,no_id,38.624999999999986,28.95833333333334,0,885
886,Capra_nubiana,no_id,39.624999999999986,27.79166666666667,0,886
887,Capra_nubiana,no_id,24.708333333333325,26.125000000000004,0,887
888,Capra_nubiana,no_id,41.45833333333332,26.375000000000004,0,888
889,Capra_nubiana,no_id,38.79166666666665,24.54166666666667,0,889
890,Capra_nubiana,no_id,31.458333333333325,31.20833333333334,0,890
891,Capra_nubiana,no_id,37.124999999999986,35.20833333333334,0,891
892,Capra_nubiana,no_id,37.04166666666665,33.54166666666667,0,892
893,Capra_nubiana,no_id,40.04166666666665,25.70833333333334,0,893
894,Capra_nubiana,no_id,40.20833333333332,25.875000000000004,0,894
895,Capra_nubiana,no_id,33.124999999999986,37.12500000000001,0,895
896,Capra_nubiana,no_id,38.874999999999986,23.29166666666667,0,896
897,Capra_nubiana,no_id,40.124999999999986,37.95833333333334,0,897
898,Capra_nubiana,no_id,33.374999999999986,25.04166666666667,0,898
899,Capra_nubiana,no_id,29.791666666666657,21.54166666666667,0,899
900,Capra_nubiana,no_id,41.20833333333332,30.95833333333334,0,900
901,Capra_nubiana,no_id,40.45833333333332,29.45833333333334,0,901
902,Capra_nubiana,no_id,39.95833333333332,34.54166666666667,0,902
903,Capra_nubiana,no_id,45.04166666666665,34.37500000000001,0,903
904,Capra_nubiana,no_id,26.291666666666657,21.79166666666667,0,904
905,Capra_nubiana,no_id,43.29166666666665,32.37500000000001,0,905
906,Capra_nubiana,no_id,36.79166666666665,31.70833333333334,0,906
907,Capra_nubiana,no_id,41.70833333333332,29.04166666666667,0,907
908,Capra_nubiana,no_id,35.29166666666665,30.79166666666667,0,908
909,Capra_nubiana,no_id,44.54166666666665,31.95833333333334,0,909
910,Capra_nubiana,no_id,30.541666666666657,37.37500000000001,0,910
911,Capra_nubiana,no_id,44.95833333333332,33.20833333333334,0,911
912,Capra_nubiana,no_id,37.95833333333332,26.54166666666667,0,912
913,Capra_nubiana,no_id,40.374999999999986,28.45833333333334,0,913
914,Capra_nubiana,no_id,43.45833333333332,34.29166666666667,0,914
915,Capra_nubiana,no_id,30.958333333333325,24.20833333333334,0,915
916,Capra_nubiana,no_id,32.374999999999986,26.79166666666667,0,916
917,Capra_nubiana,no_id,45.04166666666665,34.87500000000001,0,917
918,Capra_nubiana,no_id,36.95833333333332,29.95833333333334,0,918
919,Capra_nubiana,no_id,44.20833333333332,35.54166666666667,0,919
920,Capra_nubiana,no_id,41.45833333333332,30.70833333333334,0,920
921,Capra_nubiana,no_id,34.95833333333332,21.45833333333334,0,921
922,Capra_nubiana,no_id,45.374999999999986,34.29166666666667,0,922
923,Capra_nubiana,no_id,32.04166666666666,22.45833333333334,0,923
924,Capra_nubiana,no_id,42.95833333333332,37.70833333333334,0,924
925,Capra_nubiana,no_id,39.374999999999986,36.79166666666667,0,925
926,Capra_nubiana,no_id,29.958333333333325,37.29166666666667,0,926
927,Capra_nubiana,no_id,39.29166666666665,26.95833333333334,0,927
928,Capra_nubiana,no_id,38.70833333333332,26.20833333333334,0,928
929,Capra_nubiana,no_id,33.874999999999986,30.54166666666667,0,929
930,Capra_nubiana,no_id,40.70833333333332,36.45833333333334,0,930
931,Capra_nubiana,no_id,24.458333333333325,28.54166666666667,0,931
932,Capra_nubiana,no_id,35.874999999999986,34.04166666666667,0,932
933,Capra_nubiana,no_id,36.29166666666665,20.45833333333334,0,933
934,Capra_nubiana,no_id,45.29166666666665,30.875000000000004,0,934
935,Capra_nubiana,no_id,24.791666666666657,27.29166666666667,0,935
936,Capra_nubiana,no_id,25.458333333333325,27.375000000000004,0,936
937,Capra_nubiana,no_id,23.708333333333325,27.45833333333334,0,937
938,Capra_nubiana,no_id,38.20833333333332,38.54166666666667,0,938
939,Capra_nubiana,no_id,29.12499999999999,24.04166666666667,0,939
940,Capra_nubiana,no_id,30.87499999999999,21.125000000000004,0,940
941,Capra_nubiana,no_id,31.041666666666657,28.875000000000004,0,941
942,Capra_nubiana,no_id,42.624999999999986,35.37500000000001,0,942
943,Capra_nubiana,no_id,37.79166666666665,36.54166666666667,0,943
944,Capra_nubiana,no_id,37.874999999999986,32.29166666666667,0,944
945,Capra_nubiana,no_id,30.87499999999999,19.45833333333334,0,945
946,Capra_nubiana,no_id,40.04166666666665,38.45833333333334,0,946
947,Capra_nubiana,no_id,41.624999999999986,30.125000000000004,0,947
948,Capra_nubiana,no_id,43.874999999999986,28.875000000000004,0,948
949,Capra_nubiana,no_id,28.958333333333325,29.04166666666667,0,949
950,Capra_nubiana,no_id,35.124999999999986,37.62500000000001,0,950
951,Capra_nubiana,no_id,33.374999999999986,35.12500000000001,0,951
952,Capra_nubiana,no_id,44.124999999999986,34.12500000000001,0,952
953,Capra_nubiana,no_id,44.20833333333332,37.04166666666667,0,953
954,Capra_nubiana,no_id,30.291666666666657,25.45833333333334,0,954
955,Capra_nubiana,no_id,43.374999999999986,36.70833333333334,0,955
956,Capra_nubiana,no_id,25.041666666666657,26.20833333333334,0,956
957,Capra_nubiana,no_id,41.70833333333332,29.29166666666667,0,957
958,Capra_nubiana,no_id,28.541666666666657,25.20833333333334,0,958
959,Capra_nubiana,no_id,40.874999999999986,36.54166666666667,0,959
960,Capra_nubiana,no_id,26.791666666666657,24.20833333333334,0,960
961,Capra_nubiana,no_id,31.208333333333325,24.625000000000004,0,961
962,Capra_nubiana,no_id,37.29166666666665,29.625000000000004,0,962
963,Capra_nubiana,no_id,33.95833333333332,23.95833333333334,0,963
964,Capra_nubiana,no_id,27.87499999999999,28.70833333333334,0,964
965,Capra_nubiana,no_id,41.79166666666665,35.54166666666667,0,965
966,Capra_nubiana,no_id,28.62499999999999,20.875000000000004,0,966
967,Capra_nubiana,no_id,40.124999999999986,35.04166666666667,0,967
968,Capra_nubiana,no_id,41.124999999999986,24.95833333333334,0,968
969,Capra_nubiana,no_id,33.29166666666665,37.54166666666667,0,969
970,Capra_nubiana,no_id,36.124999999999986,30.20833333333334,0,970
971,Capra_nubiana,no_id,33.124999999999986,18.95833333333334,0,971
972,Capra_nubiana,no_id,42.124999999999986,34.54166666666667,0,972
973,Capra_nubiana,no_id,38.29166666666665,35.45833333333334,0,973
974,Capra_nubiana,no_id,38.45833333333332,35.04166666666667,0,974
975,Capra_nubiana,no_id,26.541666666666657,20.79166666666667,0,975
976,Capra_nubiana,no_id,40.624999999999986,29.625000000000004,0,976
977,Capra_nubiana,no_id,34.45833333333332,30.95833333333334,0,977
978,Capra_nubiana,no_id,40.45833333333332,37.95833333333334,0,978
979,Capra_nubiana,no_id,28.87499999999999,22.70833333333334,0,979
980,Capra_nubiana,no_id,35.124999999999986,30.29166666666667,0,980
981,Capra_nubiana,no_id,35.874999999999986,32.12500000000001,0,981
982,Capra_nubiana,no_id,36.79166666666665,27.375000000000004,0,982
983,Capra_nubiana,no_id,34.29166666666665,37.62500000000001,0,983
984,Capra_nubiana,no_id,33.04166666666665,25.29166666666667,0,984
985,Capra_nubiana,no_id,25.874999999999993,27.45833333333334,0,985
986,Capra_nubiana,no_id,38.54166666666665,30.625000000000004,0,986
987,Capra_nubiana,no_id,37.20833333333332,39.54166666666667,0,987
988,Capra_nubiana,no_id,41.624999999999986,36.29166666666667,0,988
989,Capra_nubiana,no_id,38.79166666666665,25.95833333333334,0,989
990,Capra_nubiana,no_id,33.374999999999986,26.70833333333334,0,990
991,Capra_nubiana,no_id,25.624999999999993,28.20833333333334,0,991
992,Capra_nubiana,no_id,38.374999999999986,33.12500000000001,0,992
993,Capra_nubiana,no_id,27.708333333333325,29.70833333333334,0,993
994,Capra_nubiana,no_id,39.124999999999986,27.375000000000004,0,994
995,Capra_nubiana,no_id,41.45833333333332,30.54166666666667,0,995
996,Capra_nubiana,no_id,34.124999999999986,24.04166666666667,0,996
997,Capra_nubiana,no_id,40.374999999999986,34.20833333333334,0,997
998,Capra_nubiana,no_id,42.20833333333332,27.625000000000004,0,998
999,Capra_nubiana,no_id,35.374999999999986,40.04166666666667,0,999
1000,Capra_nubiana,no_id,33.124999999999986,20.29166666666667,0,1000
1001,Capra_nubiana,no_id,41.124999999999986,33.62500000000001,0,1001
1002,Capra_nubiana,no_id,30.041666666666657,21.125000000000004,0,1002
1003,Capra_nubiana,no_id,29.791666666666657,21.70833333333334,0,1003
1004,Capra_nubiana,no_id,33.70833333333332,39.04166666666667,0,1004
1005,Capra_nubiana,no_id,40.374999999999986,26.95833333333334,0,1005
1006,Capra_nubiana,no_id,38.95833333333332,36.04166666666667,0,1006
1007,Capra_nubiana,no_id,41.624999999999986,32.45833333333334,0,1007
1008,Capra_nubiana,no_id,31.37499999999999,37.29166666666667,0,1008
1009,Capra_nubiana,no_id,27.374999999999993,25.04166666666667,0,1009
1010,Capra_nubiana,no_id,25.791666666666657,30.79166666666667,0,1010
1011,Capra_nubiana,no_id,39.124999999999986,24.79166666666667,0,1011
1012,Capra_nubiana,no_id,27.791666666666657,25.375000000000004,0,1012
1013,Capra_nubiana,no_id,32.624999999999986,22.04166666666667,0,1013
1014,Capra_nubiana,no_id,44.45833333333332,33.70833333333334,0,1014
1015,Capra_nubiana,no_id,28.708333333333325,30.45833333333334,0,1015
1016,Capra_nubiana,no_id,40.95833333333332,33.20833333333334,0,1016
1017,Capra_nubiana,no_id,35.45833333333332,29.04166666666667,0,1017
1018,Capra_nubiana,no_id,42.95833333333332,34.20833333333334,0,1018
1019,Capra_nubiana,no_id,33.79166666666665,36.62500000000001,0,1019
1020,Capra_nubiana,no_id,33.124999999999986,30.125000000000004,0,1020
1021,Capra_nubiana,no_id,30.62499999999999,31.375000000000004,0,1021
1022,Capra_nubiana,no_id,32.624999999999986,19.625000000000004,0,1022
1023,Capra_nubiana,no_id,28.041666666666657,30.04166666666667,0,1023
1024,Capra_nubiana,no_id,32.29166666666665,29.29166666666667,0,1024
1025,Capra_nubiana,no_id,28.958333333333325,27.625000000000004,0,1025
1026,Capra_nubiana,no_id,31.87499999999999,39.04166666666667,0,1026
1027,Capra_nubiana,no_id,37.54166666666665,24.625000000000004,0,1027
1028,Capra_nubiana,no_id,37.79166666666665,30.20833333333334,0,1028
1029,Capra_nubiana,no_id,26.958333333333325,25.20833333333334,0,1029
1030,Capra_nubiana,no_id,41.04166666666665,34.20833333333334,0,1030
